lfdn,external_lfdn,tester,dispcode,lastpage,quality,duration,v_29,v_30,v_33,v_31,v_32,v_26_1,v_26_2,v_26_3,v_26_4,v_26_5,v_26_6,v_26_7,v_26_8,v_26_9,v_26_10,v_26_11,v_26_12,v_26_13,v_26_14,v_26_15,v_26_16,v_26_17,v_26_18,v_26_19,v_26_20,v_26_21,v_26_22,v_26_23,v_26_24,v_26_25,v_26_26,v_26_27,v_26_28,v_26_29,v_26_30,v_26_31,v_26_32,v_26_33,v_26_34,v_26_35,v_26_36,v_26_37,v_26_38,v_26_39,v_26_40,v_26_41,v_26_42,v_26_43,v_26_44,v_26_45,v_26_46,v_26_47,v_26_48,v_26_49,v_26_50,v_26_51,v_26_52,v_26_53,v_26_54,v_26_55,v_26_56,v_26_57,v_26_58,v_26_59,v_26_60,v_26_61,v_26_62,v_26_63,v_26_64,v_26_65,v_26_66,v_26_67,v_26_68,v_26_69,v_26_70,v_26_71,v_26_72,v_26_73,v_26_74,v_26_75,v_26_76,v_26_77,v_26_78,v_26_79,v_26_80,v_26_81,v_26_82,v_26_83,v_26_84,v_26_85,v_26_86,v_26_87,v_26_88,v_26_89,v_26_90,v_26_91,v_26_92,v_26_93,v_26_94,v_26_95,v_26_96,v_26_97,v_26_98,v_26_99,v_26_100,v_26_101,v_26_102,v_26_103,v_26_104,v_26_105,v_26_106,v_26_107,v_26_108,v_26_109,v_26_110,v_26_111,v_26_112,v_26_113,v_26_114,v_26_115,v_26_116,v_26_117,v_26_118,v_26_119,v_26_120,v_26_121,v_26_122,v_26_123,v_26_124,v_26_125,v_26_126,v_26_127,v_26_128,v_26_129,v_26_130,v_26_131,v_26_132,v_26_133,v_26_134,v_26_135,v_26_136,v_26_137,v_26_138,v_26_139,v_26_140,v_26_141,v_26_142,v_26_143,v_26_144,v_26_145,v_26_146,v_26_147,v_26_148,v_26_149,v_26_150,v_26_151,v_26_152,v_26_153,v_26_154,v_26_155,v_26_156,v_26_157,v_26_158,v_26_159,v_26_160,v_28_1,v_28_2,v_28_3,v_28_4,v_28_5,v_28_6,v_28_7,v_28_8,v_28_9,v_28_10,v_28_11,v_28_12,v_28_13,v_28_14,v_28_15,v_28_16,v_28_17,v_28_18,v_28_19,v_28_20,v_28_21,v_28_22,v_28_23,v_28_24,v_28_25,v_28_26,v_28_27,v_28_28,v_28_29,v_28_30,v_28_31,v_28_32,v_28_33,v_28_34,v_28_35,v_28_36,v_28_37,v_28_38,v_28_39,v_28_40,v_28_41,v_28_42,v_28_43,v_28_44,v_28_45,v_28_46,v_28_47,v_28_48,v_28_49,v_28_50,v_28_51,v_28_52,v_28_53,v_28_54,v_28_55,v_28_56,v_28_57,v_28_58,v_28_59,v_28_60,v_28_61,v_28_62,v_28_63,v_28_64,v_28_65,v_28_66,v_28_67,v_28_68,v_28_69,v_28_70,v_28_71,v_28_72,v_28_73,v_28_74,v_28_75,v_28_76,v_28_77,v_28_78,v_28_79,v_28_80,v_28_81,v_28_82,v_28_83,v_28_84,v_28_85,v_28_86,v_28_87,v_28_88,v_28_89,v_28_90,v_28_91,v_28_92,v_28_93,v_28_94,v_28_95,v_28_96,v_28_97,v_28_98,v_28_99,v_28_100,v_28_101,v_28_102,v_28_103,v_28_104,v_28_105,v_28_106,v_28_107,v_28_108,v_28_109,v_28_110,v_28_111,v_28_112,v_28_113,v_28_114,v_28_115,v_28_116,v_28_117,v_28_118,v_28_119,v_28_120,v_28_121,v_28_122,v_28_123,v_28_124,v_28_125,v_28_126,v_28_127,v_28_128,v_28_129,v_28_130,v_28_131,v_28_132,v_28_133,v_28_134,v_28_135,v_28_136,v_28_137,v_28_138,v_28_139,v_28_140,v_28_141,v_28_142,v_28_143,v_28_144,v_28_145,v_28_146,v_28_147,v_28_148,v_28_149,v_28_150,v_28_151,v_28_152,v_28_153,v_28_154,v_28_155,v_28_156,v_28_157,v_28_158,v_28_159,v_28_160
1,0,1,31,4178929,-77,43,-77,-66,-77,-66,-77,-77,-77,-77,-77,-77,-77,-77,-77,-77,-77,-77,-77,-77,-77,-77,-77,-77,-77,-77,-77,-77,-77,-77,-77,-77,-77,-77,-77,-77,-77,-77,-77,-77,-77,-77,-77,-77,-77,-77,-77,-77,-77,-77,-77,-77,-77,-77,-77,-77,-77,-77,-77,-77,-77,-77,-77,-77,-77,-77,-77,-77,-77,-77,-77,-77,-77,-77,-77,-77,-77,-77,-77,-77,-77,-77,-77,-77,-77,-77,-77,-77,-77,-77,-77,-77,-77,-77,-77,-77,-77,-77,-77,-77,-77,-77,-77,-77,-77,-77,-77,-77,-77,-77,-77,-77,-77,-77,-77,-77,-77,-77,-77,-77,-77,-77,-77,-77,-77,-77,-77,-77,-77,-77,-77,-77,-77,-77,-77,-77,-77,-77,-77,-77,-77,-77,-77,-77,-77,-77,-77,-77,-77,-77,-77,-77,-77,-77,-77,-77,-77,-77,-77,-77,-77,-77,-77,-77,-77,-77,-77,-77,-77,-77,-77,-77,-77,-77,-77,-77,-77,-77,-77,-77,-77,-77,-77,-77,-77,-77,-77,-77,-77,-77,-77,-77,-77,-77,-77,-77,-77,-77,-77,-77,-77,-77,-77,-77,-77,-77,-77,-77,-77,-77,-77,-77,-77,-77,-77,-77,-77,-77,-77,-77,-77,-77,-77,-77,-77,-77,-77,-77,-77,-77,-77,-77,-77,-77,-77,-77,-77,-77,-77,-77,-77,-77,-77,-77,-77,-77,-77,-77,-77,-77,-77,-77,-77,-77,-77,-77,-77,-77,-77,-77,-77,-77,-77,-77,-77,-77,-77,-77,-77,-77,-77,-77,-77,-77,-77,-77,-77,-77,-77,-77,-77,-77,-77,-77,-77,-77,-77,-77,-77,-77,-77,-77,-77,-77,-77,-77,-77,-77,-77,-77,-77,-77,-77,-77,-77,-77,-77,-77,-77,-77,-77,-77,-77,-77,-77,-77,-77,-77,-77,-77,-77,-77,-77,-77,-77,-77,-77
2,0,1,31,4178929,-77,42,-77,-66,-77,-66,-77,-77,-77,-77,-77,-77,-77,-77,-77,-77,-77,-77,-77,-77,-77,-77,-77,-77,-77,-77,-77,-77,-77,-77,-77,-77,-77,-77,-77,-77,-77,-77,-77,-77,-77,-77,-77,-77,-77,-77,-77,-77,-77,-77,-77,-77,-77,-77,-77,-77,-77,-77,-77,-77,-77,-77,-77,-77,-77,-77,-77,-77,-77,-77,-77,-77,-77,-77,-77,-77,-77,-77,-77,-77,-77,-77,-77,-77,-77,-77,-77,-77,-77,-77,-77,-77,-77,-77,-77,-77,-77,-77,-77,-77,-77,-77,-77,-77,-77,-77,-77,-77,-77,-77,-77,-77,-77,-77,-77,-77,-77,-77,-77,-77,-77,-77,-77,-77,-77,-77,-77,-77,-77,-77,-77,-77,-77,-77,-77,-77,-77,-77,-77,-77,-77,-77,-77,-77,-77,-77,-77,-77,-77,-77,-77,-77,-77,-77,-77,-77,-77,-77,-77,-77,-77,-77,-77,-77,-77,-77,-77,-77,-77,-77,-77,-77,-77,-77,-77,-77,-77,-77,-77,-77,-77,-77,-77,-77,-77,-77,-77,-77,-77,-77,-77,-77,-77,-77,-77,-77,-77,-77,-77,-77,-77,-77,-77,-77,-77,-77,-77,-77,-77,-77,-77,-77,-77,-77,-77,-77,-77,-77,-77,-77,-77,-77,-77,-77,-77,-77,-77,-77,-77,-77,-77,-77,-77,-77,-77,-77,-77,-77,-77,-77,-77,-77,-77,-77,-77,-77,-77,-77,-77,-77,-77,-77,-77,-77,-77,-77,-77,-77,-77,-77,-77,-77,-77,-77,-77,-77,-77,-77,-77,-77,-77,-77,-77,-77,-77,-77,-77,-77,-77,-77,-77,-77,-77,-77,-77,-77,-77,-77,-77,-77,-77,-77,-77,-77,-77,-77,-77,-77,-77,-77,-77,-77,-77,-77,-77,-77,-77,-77,-77,-77,-77,-77,-77,-77,-77,-77,-77,-77,-77,-77,-77,-77,-77,-77,-77,-77,-77
3,0,1,31,4178929,-77,41,-77,-66,-77,-66,-77,-77,-77,-77,-77,-77,-77,-77,-77,-77,-77,-77,-77,-77,-77,-77,-77,-77,-77,-77,-77,-77,-77,-77,-77,-77,-77,-77,-77,-77,-77,-77,-77,-77,-77,-77,-77,-77,-77,-77,-77,-77,-77,-77,-77,-77,-77,-77,-77,-77,-77,-77,-77,-77,-77,-77,-77,-77,-77,-77,-77,-77,-77,-77,-77,-77,-77,-77,-77,-77,-77,-77,-77,-77,-77,-77,-77,-77,-77,-77,-77,-77,-77,-77,-77,-77,-77,-77,-77,-77,-77,-77,-77,-77,-77,-77,-77,-77,-77,-77,-77,-77,-77,-77,-77,-77,-77,-77,-77,-77,-77,-77,-77,-77,-77,-77,-77,-77,-77,-77,-77,-77,-77,-77,-77,-77,-77,-77,-77,-77,-77,-77,-77,-77,-77,-77,-77,-77,-77,-77,-77,-77,-77,-77,-77,-77,-77,-77,-77,-77,-77,-77,-77,-77,-77,-77,-77,-77,-77,-77,-77,-77,-77,-77,-77,-77,-77,-77,-77,-77,-77,-77,-77,-77,-77,-77,-77,-77,-77,-77,-77,-77,-77,-77,-77,-77,-77,-77,-77,-77,-77,-77,-77,-77,-77,-77,-77,-77,-77,-77,-77,-77,-77,-77,-77,-77,-77,-77,-77,-77,-77,-77,-77,-77,-77,-77,-77,-77,-77,-77,-77,-77,-77,-77,-77,-77,-77,-77,-77,-77,-77,-77,-77,-77,-77,-77,-77,-77,-77,-77,-77,-77,-77,-77,-77,-77,-77,-77,-77,-77,-77,-77,-77,-77,-77,-77,-77,-77,-77,-77,-77,-77,-77,-77,-77,-77,-77,-77,-77,-77,-77,-77,-77,-77,-77,-77,-77,-77,-77,-77,-77,-77,-77,-77,-77,-77,-77,-77,-77,-77,-77,-77,-77,-77,-77,-77,-77,-77,-77,-77,-77,-77,-77,-77,-77,-77,-77,-77,-77,-77,-77,-77,-77,-77,-77,-77,-77,-77,-77,-77,-77
4,0,1,31,4178929,-77,39,-77,-66,-77,-66,-77,-77,-77,-77,-77,-77,-77,-77,-77,-77,-77,-77,-77,-77,-77,-77,-77,-77,-77,-77,-77,-77,-77,-77,-77,-77,-77,-77,-77,-77,-77,-77,-77,-77,-77,-77,-77,-77,-77,-77,-77,-77,-77,-77,-77,-77,-77,-77,-77,-77,-77,-77,-77,-77,-77,-77,-77,-77,-77,-77,-77,-77,-77,-77,-77,-77,-77,-77,-77,-77,-77,-77,-77,-77,-77,-77,-77,-77,-77,-77,-77,-77,-77,-77,-77,-77,-77,-77,-77,-77,-77,-77,-77,-77,-77,-77,-77,-77,-77,-77,-77,-77,-77,-77,-77,-77,-77,-77,-77,-77,-77,-77,-77,-77,-77,-77,-77,-77,-77,-77,-77,-77,-77,-77,-77,-77,-77,-77,-77,-77,-77,-77,-77,-77,-77,-77,-77,-77,-77,-77,-77,-77,-77,-77,-77,-77,-77,-77,-77,-77,-77,-77,-77,-77,-77,-77,-77,-77,-77,-77,-77,-77,-77,-77,-77,-77,-77,-77,-77,-77,-77,-77,-77,-77,-77,-77,-77,-77,-77,-77,-77,-77,-77,-77,-77,-77,-77,-77,-77,-77,-77,-77,-77,-77,-77,-77,-77,-77,-77,-77,-77,-77,-77,-77,-77,-77,-77,-77,-77,-77,-77,-77,-77,-77,-77,-77,-77,-77,-77,-77,-77,-77,-77,-77,-77,-77,-77,-77,-77,-77,-77,-77,-77,-77,-77,-77,-77,-77,-77,-77,-77,-77,-77,-77,-77,-77,-77,-77,-77,-77,-77,-77,-77,-77,-77,-77,-77,-77,-77,-77,-77,-77,-77,-77,-77,-77,-77,-77,-77,-77,-77,-77,-77,-77,-77,-77,-77,-77,-77,-77,-77,-77,-77,-77,-77,-77,-77,-77,-77,-77,-77,-77,-77,-77,-77,-77,-77,-77,-77,-77,-77,-77,-77,-77,-77,-77,-77,-77,-77,-77,-77,-77,-77,-77,-77,-77,-77,-77,-77,-77,-77
6,0,0,31,4178929,-77,2536,-77,-66,-77,-66,-77,2,1,2,1,2,2,2,1,1,2,2,1,2,2,1,2,1,1,2,1,1,1,2,1,1,2,2,2,1,2,1,2,2,2,1,1,1,1,1,1,2,1,2,1,2,2,1,2,2,1,2,1,2,2,1,2,1,1,1,1,2,2,1,2,2,1,1,1,1,2,2,2,1,1,1,2,1,2,2,2,1,2,2,2,2,2,2,2,2,2,1,2,2,1,1,1,2,1,1,1,2,1,2,2,1,1,2,2,2,2,1,2,2,1,2,2,2,2,2,1,1,2,2,2,2,1,1,2,1,2,2,2,2,2,2,1,1,1,2,2,2,1,1,1,2,2,1,1,2,1,1,2,2,1,1,2,1,2,2,2,2,2,2,2,2,2,2,1,2,2,2,2,1,1,1,2,1,2,2,2,1,1,2,1,1,2,1,2,2,1,2,1,2,2,2,1,1,2,1,2,1,1,2,1,2,2,1,2,2,1,2,1,2,2,1,1,1,2,2,1,2,2,1,2,2,1,1,2,2,2,2,2,1,1,1,2,1,2,1,2,2,2,2,2,2,2,2,1,2,2,1,2,2,1,1,1,2,1,2,1,2,1,2,2,1,1,2,1,2,1,1,2,1,1,2,2,1,2,1,1,1,2,2,2,2,2,1,2,1,2,2,2,2,2,2,2,1,2,2,1,2,1,1,1,2,2,2,1,2,1,2,1,2,1,2,2,1,1,1,2
7,0,0,31,4178929,-77,2276,-77,-66,-77,-66,-77,1,1,1,1,2,2,2,1,1,2,2,1,2,2,1,2,1,2,1,1,1,1,2,1,2,1,2,2,1,1,2,2,2,2,2,1,1,2,1,2,2,1,2,1,1,2,1,2,2,2,2,1,2,2,1,2,1,1,2,1,2,2,1,2,2,1,1,2,1,2,2,2,1,1,1,2,1,2,1,1,2,2,2,2,1,2,1,1,2,1,1,2,2,1,1,1,2,1,1,2,2,1,2,2,1,2,1,2,2,2,1,2,1,1,2,2,1,1,1,1,1,2,2,2,2,2,1,2,1,2,2,2,2,2,1,1,2,1,1,1,1,2,2,2,2,1,2,2,1,2,2,2,2,1,2,2,1,2,1,2,1,1,1,1,2,2,2,1,1,1,1,2,1,1,1,2,2,1,2,1,1,1,2,1,1,1,1,2,1,2,2,2,2,2,2,1,1,2,2,2,2,1,2,1,1,2,1,2,2,2,2,1,2,2,1,2,1,2,1,1,2,2,1,2,2,1,1,2,1,2,2,2,1,1,1,2,1,2,2,1,2,2,2,2,2,2,1,1,2,2,1,2,2,1,1,1,2,1,1,2,2,1,2,2,2,2,2,2,2,2,1,2,1,1,2,2,1,1,1,1,1,2,2,2,2,2,1,2,2,2,2,2,2,2,2,1,1,1,1,1,1,2,2,2,2,1,2,2,2,2,2,2,2,1,2,2,2,2,1,2
10,0,0,22,4178927,-77,282,-77,-66,-77,-66,-77,-77,-77,-77,-77,-77,-77,-77,-77,-77,-77,-77,-77,-77,-77,-77,-77,-77,-77,-77,-77,-77,-77,-77,-77,-77,-77,-77,-77,-77,-77,-77,-77,-77,-77,-77,-77,-77,-77,-77,-77,-77,-77,-77,-77,-77,-77,-77,-77,-77,-77,-77,-77,-77,-77,-77,-77,-77,-77,-77,-77,-77,-77,-77,-77,-77,-77,-77,-77,-77,-77,-77,-77,-77,-77,-77,-77,-77,-77,-77,-77,-77,-77,-77,-77,-77,-77,-77,-77,-77,-77,-77,-77,-77,-77,-77,-77,-77,-77,-77,-77,-77,-77,-77,-77,-77,-77,-77,-77,-77,-77,-77,-77,-77,-77,-77,-77,-77,-77,-77,-77,-77,-77,-77,-77,-77,-77,-77,-77,-77,-77,-77,-77,-77,-77,-77,-77,-77,-77,-77,-77,-77,-77,-77,-77,-77,-77,-77,-77,-77,-77,-77,-77,-77,-77,-77,-77,-77,-77,-77,-77,2,-77,-77,-77,-77,2,-77,-77,-77,2,-77,-77,-77,-77,-77,-77,1,-77,-77,2,-77,1,-77,1,-77,-77,2,-77,-77,1,-77,1,-77,-77,-77,-77,-77,-77,-77,-77,-77,1,2,-77,-77,-77,-77,-77,-77,-77,2,-77,2,-77,-77,2,-77,-77,-77,1,-77,2,-77,-77,-77,-77,1,-77,-77,2,2,-77,-77,-77,-77,-77,1,-77,2,-77,-77,2,-77,-77,2,-77,-77,-77,-77,2,1,-77,-77,-77,-77,-77,2,-77,1,-77,2,-77,-77,-77,2,-77,1,-77,-77,1,-77,2,1,1,-77,-77,-77,-77,-77,2,-77,2,-77,-77,-77,-77,-77,1,-77,2,-77,-77,-77,-77,-77,-77,-77,-77,-77,-77,-77,1,-77,-77,2,-77,1,-77,-77,2,-77,-77,-77,-77,2,-77,2,-77,-77,-77
11,0,0,31,4178929,-77,2432,-77,-66,-77,-66,-77,2,1,1,1,2,2,2,2,1,2,2,1,2,2,1,2,1,1,2,1,1,1,2,1,2,2,2,2,1,2,2,2,2,2,2,2,1,2,2,2,2,1,2,1,2,2,1,2,2,2,2,1,2,2,1,2,1,2,2,2,2,2,1,2,2,1,1,2,1,2,2,2,1,1,1,1,1,2,1,2,2,2,2,2,1,1,1,2,2,2,1,2,2,1,1,1,2,1,1,2,2,1,2,1,1,2,2,2,2,1,1,2,1,1,2,2,1,2,2,2,1,2,2,2,2,2,1,2,1,2,2,2,2,2,2,1,1,2,2,2,2,1,1,1,2,2,1,2,2,2,2,2,2,1,2,1,1,2,1,2,1,1,1,1,2,2,2,1,1,1,2,1,1,2,2,2,1,1,2,1,2,1,1,1,2,1,1,1,2,2,2,2,2,2,2,1,1,2,1,2,1,1,2,1,1,2,1,2,2,1,2,1,2,2,1,2,1,1,2,1,2,2,1,2,2,1,1,1,1,2,1,2,1,1,1,1,1,1,1,1,2,2,2,2,1,1,1,1,2,2,1,2,2,1,1,1,2,1,1,1,2,1,2,1,2,2,2,2,2,1,1,2,1,1,2,2,1,2,1,1,1,2,2,2,2,2,1,2,1,2,2,2,2,2,2,1,1,2,2,2,2,1,1,1,2,1,2,1,2,2,2,2,2,1,2,2,2,1,2,1
12,0,0,31,4178929,-77,2165,-77,-66,-77,-66,-77,1,1,1,1,2,1,2,1,1,1,2,1,2,1,2,2,1,1,2,2,1,1,2,1,1,2,1,2,1,2,2,2,2,2,2,1,1,2,1,2,1,1,2,1,2,1,1,1,2,1,2,1,2,2,1,2,1,2,1,2,2,2,1,2,2,1,1,2,2,2,2,1,1,2,2,2,1,1,2,2,2,2,2,2,2,2,1,2,2,1,1,2,2,1,1,1,2,2,2,2,2,1,2,2,2,2,1,1,2,1,1,2,1,1,2,2,2,2,2,1,1,2,2,2,2,2,1,2,1,2,2,2,2,2,2,2,1,1,1,1,1,2,2,2,2,2,1,2,2,1,2,2,2,1,2,1,2,1,2,2,2,1,2,2,2,2,2,1,1,1,1,2,2,2,2,2,1,2,1,2,1,1,2,1,1,2,2,2,2,2,1,2,2,2,2,2,2,2,1,2,1,1,2,1,1,2,1,1,2,1,2,1,2,2,1,1,1,2,2,1,2,2,1,2,2,1,1,1,1,2,2,2,1,2,2,2,1,2,1,1,2,2,2,2,2,2,2,2,2,1,1,2,2,1,2,1,2,2,2,2,1,2,2,2,2,2,2,1,1,2,1,2,1,2,2,2,2,2,1,2,1,2,2,2,2,2,2,2,1,2,2,2,2,2,2,1,1,1,2,1,2,2,2,2,1,2,2,2,2,2,2,2,1,2,1,1,2,1,2,2
13,0,0,31,4178929,-77,1677,-77,-66,-77,-66,-77,1,1,1,1,1,2,2,1,2,2,2,1,2,2,2,2,1,1,1,2,1,1,2,1,2,2,2,2,1,2,2,2,2,2,2,1,1,2,1,1,2,1,2,1,1,2,1,2,2,1,2,1,2,2,1,2,1,2,1,2,2,2,1,2,2,1,1,2,2,2,2,2,1,1,1,2,1,1,2,1,2,2,2,2,2,2,1,2,2,1,1,2,2,1,2,1,2,1,1,1,2,1,2,2,2,1,2,1,2,1,1,2,1,1,2,2,1,1,1,2,1,2,2,2,2,2,1,2,1,1,2,2,2,2,2,1,1,2,2,1,2,1,1,1,2,2,1,1,1,2,2,2,2,1,2,2,1,1,1,2,1,1,1,1,2,2,1,2,2,1,2,1,2,1,1,2,1,1,2,1,2,1,2,1,1,2,2,1,1,2,1,2,2,2,2,1,2,1,2,1,2,1,2,1,2,2,1,2,2,2,2,1,2,2,1,2,1,2,2,2,2,2,1,2,2,2,1,2,1,1,1,2,1,2,2,2,2,1,1,1,2,2,2,2,1,2,2,2,2,2,1,2,2,1,2,1,2,1,1,2,2,1,2,2,1,2,2,2,2,1,1,2,1,1,2,2,1,1,2,1,1,2,2,2,2,2,1,1,1,1,2,2,2,2,2,1,1,2,1,1,1,2,2,2,2,1,1,2,2,1,2,2,2,1,1,2,1,2,2,2
14,0,0,31,4178929,-77,1844,-77,-66,-77,-66,-77,1,1,1,1,2,1,2,2,1,1,2,1,2,2,1,2,1,2,1,1,1,1,2,1,1,1,2,1,1,2,1,2,2,2,1,1,1,2,2,1,2,1,2,1,1,1,1,2,1,1,2,1,2,2,2,2,1,1,2,2,2,2,1,2,2,1,1,2,1,2,2,2,1,1,1,2,1,2,1,1,2,2,2,2,2,1,1,1,2,1,1,2,2,1,1,1,2,2,1,2,2,1,2,2,1,1,2,1,2,1,1,2,1,1,2,2,1,1,1,2,1,2,2,2,2,2,1,2,1,2,2,2,2,2,2,1,2,1,2,2,1,2,2,2,2,1,2,2,2,2,2,2,2,1,2,2,1,2,2,2,1,1,1,1,2,2,2,1,1,2,2,1,2,2,1,2,1,2,1,2,1,1,2,2,2,2,2,2,1,2,1,2,2,1,1,1,1,2,1,2,2,1,2,1,1,2,1,1,1,2,2,1,2,2,1,2,1,1,1,2,2,2,1,2,2,1,1,2,1,2,1,2,2,1,1,2,1,2,1,2,2,2,2,2,1,2,1,1,2,1,1,2,2,1,1,1,2,2,1,2,2,1,2,2,2,1,2,2,2,1,1,2,1,1,2,2,1,2,1,1,1,2,2,2,2,2,2,2,2,2,2,2,2,2,2,1,1,1,2,1,1,2,1,2,2,2,1,2,2,2,2,2,2,1,2,2,1,2,2,1
31,0,0,32,4178929,-77,-1,2,-99,1,32,6,1,1,1,1,1,2,2,1,1,2,2,1,2,2,1,2,1,2,1,1,1,1,2,1,1,1,2,2,1,2,1,2,2,2,2,1,1,2,1,1,2,1,2,1,1,2,1,1,2,2,2,1,2,2,1,2,1,2,2,1,2,2,1,2,1,1,1,2,1,2,2,2,1,1,2,1,1,2,1,2,2,2,2,2,1,2,1,2,1,1,1,2,2,1,1,1,2,2,1,1,2,1,2,2,1,1,2,2,2,1,1,2,1,1,2,2,2,2,2,2,1,2,2,2,2,2,1,2,1,2,2,2,2,2,2,1,1,2,2,2,2,2,2,2,2,2,2,2,2,2,2,2,2,1,2,2,1,1,2,2,1,2,2,1,1,2,2,1,1,1,2,1,2,2,1,2,1,1,2,2,1,1,2,2,1,2,2,2,1,2,2,2,2,2,2,1,1,1,1,1,2,1,2,1,1,2,1,2,2,1,2,1,2,2,1,2,1,2,1,2,2,2,1,2,2,1,1,2,2,1,1,2,1,1,1,2,1,2,1,1,2,2,2,2,2,2,2,2,2,2,1,2,2,2,2,1,2,2,2,1,2,1,2,2,1,2,1,1,2,1,1,2,1,1,2,2,1,2,2,2,1,2,2,2,1,2,2,2,1,1,2,2,2,2,2,1,1,1,2,2,1,2,1,2,2,1,2,2,1,1,1,2,2,2,2,2,1,1,2,2
49,0,0,22,4178925,-77,237,2,-99,1,24,6,1,-77,-77,-77,-77,-77,2,-77,-77,2,-77,-77,-77,-77,-77,-77,-77,-77,2,-77,-77,1,2,-77,-77,-77,-77,-77,-77,-77,1,-77,-77,-77,-77,-77,-77,-77,-77,-77,-77,-77,-77,-77,-77,-77,1,-77,2,-77,-77,-77,-77,2,-77,-77,-77,2,-77,2,-77,2,-77,-77,-77,-77,-77,-77,-77,-77,1,-77,-77,-77,-77,-77,-77,1,-77,-77,-77,-77,-77,-77,-77,-77,-77,-77,-77,-77,-77,-77,-77,-77,-77,-77,-77,-77,-77,-77,-77,-77,-77,-77,-77,-77,1,-77,-77,-77,-77,-77,-77,2,2,-77,-77,-77,-77,-77,-77,-77,2,-77,-77,-77,1,-77,-77,-77,-77,-77,-77,-77,-77,-77,-77,-77,2,-77,-77,-77,-77,-77,-77,-77,-77,-77,-77,2,2,-77,-77,-77,1,-77,-77,2,-77,-77,-77,-77,-77,-77,-77,-77,-77,-77,-77,-77,-77,-77,-77,-77,-77,-77,-77,-77,-77,-77,-77,-77,-77,-77,-77,-77,-77,-77,-77,-77,-77,-77,-77,-77,-77,-77,-77,-77,-77,-77,-77,-77,-77,-77,-77,-77,-77,-77,-77,-77,-77,-77,-77,-77,-77,-77,-77,-77,-77,-77,-77,-77,-77,-77,-77,-77,-77,-77,-77,-77,-77,-77,-77,-77,-77,-77,-77,-77,-77,-77,-77,-77,-77,-77,-77,-77,-77,-77,-77,-77,-77,-77,-77,-77,-77,-77,-77,-77,-77,-77,-77,-77,-77,-77,-77,-77,-77,-77,-77,-77,-77,-77,-77,-77,-77,-77,-77,-77,-77,-77,-77,-77,-77,-77,-77,-77,-77,-77,-77,-77,-77,-77,-77,-77,-77,-77,-77,-77,-77,-77,-77,-77,-77,-77,-77,-77,-77,-77,-77,-77,-77,-77,-77,-77,-77,-77,-77,-77,-77,-77
86,0,0,22,4178927,-77,65,1,-99,1,25,6,-77,-77,-77,-77,-77,-77,-77,-77,-77,-77,-77,-77,-77,-77,-77,-77,-77,-77,-77,-77,-77,-77,-77,-77,-77,-77,-77,-77,-77,-77,-77,-77,-77,-77,-77,-77,-77,-77,-77,-77,-77,-77,-77,-77,-77,-77,-77,-77,-77,-77,-77,-77,-77,-77,-77,-77,-77,-77,-77,-77,-77,-77,-77,-77,-77,-77,-77,-77,-77,-77,-77,-77,-77,-77,-77,-77,-77,-77,-77,-77,-77,-77,-77,-77,-77,-77,-77,-77,-77,-77,-77,-77,-77,-77,-77,-77,-77,-77,-77,-77,-77,-77,-77,-77,-77,-77,-77,-77,-77,-77,-77,-77,-77,-77,-77,-77,-77,-77,-77,-77,-77,-77,-77,-77,-77,-77,-77,-77,-77,-77,-77,-77,-77,-77,-77,-77,-77,-77,-77,-77,-77,-77,-77,-77,-77,-77,-77,-77,-77,-77,-77,-77,-77,-77,-77,-77,-77,-77,-77,-77,-77,-77,-77,-77,-77,-77,-77,-77,-77,-77,-77,-77,-77,-77,-77,-77,-77,-77,-77,-77,-77,-77,-77,-77,-77,-77,-77,-77,-77,-77,-77,-77,-77,-77,-77,-77,-77,-77,-77,-77,-77,-77,-77,-77,-77,-77,-77,-77,-77,-77,-77,-77,-77,-77,-77,-77,-77,-77,-77,-77,-77,-77,-77,-77,-77,-77,-77,-77,-77,-77,-77,-77,-77,-77,-77,-77,-77,-77,-77,-77,-77,-77,-77,-77,-77,-77,-77,-77,-77,-77,-77,-77,-77,-77,-77,-77,-77,-77,-77,-77,-77,-77,-77,-77,-77,-77,-77,-77,-77,-77,-77,-77,-77,-77,-77,-77,-77,-77,-77,-77,-77,-77,-77,-77,-77,-77,-77,-77,-77,-77,-77,-77,-77,-77,-77,-77,-77,-77,-77,-77,-77,-77,-77,-77,-77,-77,-77,-77,-77,-77,-77,-77,-77,-77,-77,-77,-77,-77,-77,-77
90,0,0,31,4178929,-77,3612,1,-99,1,26,6,2,1,1,1,2,2,2,1,1,2,2,1,2,2,1,2,2,2,2,2,1,1,2,1,2,1,1,2,1,2,2,2,2,2,2,1,1,1,1,1,2,1,2,1,1,2,1,1,1,2,2,1,2,2,1,2,1,2,2,1,2,2,1,2,2,1,1,1,1,2,2,2,1,1,1,2,1,1,1,1,2,2,2,2,2,1,2,1,2,2,1,2,2,1,1,1,2,1,2,2,2,2,2,2,2,2,2,1,2,1,2,2,1,2,1,1,1,2,1,2,1,2,2,2,2,2,1,1,1,2,2,2,2,2,2,2,1,2,1,2,1,1,1,1,2,2,1,2,1,1,2,2,2,1,2,2,1,2,1,2,2,1,1,1,2,2,2,2,2,2,2,1,2,2,1,1,1,1,2,2,1,1,2,1,1,1,2,2,1,1,1,1,2,2,2,1,1,2,1,2,2,1,2,1,1,2,2,2,2,2,2,1,2,2,1,2,1,1,2,1,2,2,1,2,1,2,1,1,1,2,2,2,1,1,1,2,1,2,2,2,2,2,2,2,2,2,1,1,2,2,1,2,2,1,2,1,2,1,1,1,2,1,2,2,2,2,2,1,1,1,1,2,1,1,2,1,1,1,1,2,1,2,2,2,2,2,1,1,1,2,1,2,1,2,2,1,1,2,2,2,2,1,1,1,1,1,1,2,1,1,2,2,2,1,2,2,1,1,2,2
145,0,0,31,4178929,-77,3577,1,-99,1,48,6,2,1,1,1,2,2,1,2,2,2,2,1,1,1,1,2,2,2,2,1,1,1,2,1,1,2,1,2,1,2,2,2,2,2,2,1,1,2,1,1,2,1,2,1,2,2,1,2,2,2,2,1,2,2,1,2,2,2,2,1,2,2,1,2,2,1,1,2,2,2,2,2,1,1,1,2,1,2,2,2,2,2,2,2,2,2,1,1,2,2,1,2,2,1,2,1,2,2,1,2,2,1,2,2,2,2,2,1,2,1,1,2,1,1,2,2,1,2,1,1,1,2,2,2,1,2,1,2,1,1,2,2,2,2,2,2,2,1,2,1,1,1,2,2,2,1,2,1,2,2,2,2,2,1,2,2,1,2,2,2,2,1,2,1,2,1,2,1,2,1,1,1,1,1,2,1,1,1,2,2,1,1,2,1,2,1,1,1,2,1,1,2,1,2,2,1,2,2,1,1,2,2,2,1,2,2,1,2,2,2,2,1,2,2,1,1,1,2,1,2,2,2,1,2,2,1,1,1,2,2,1,2,1,1,1,2,1,1,2,2,2,2,2,2,1,2,1,2,1,2,2,1,2,1,2,2,1,1,1,2,2,1,2,2,2,1,2,1,2,1,1,2,1,1,2,2,1,2,1,2,1,2,2,2,2,2,1,1,1,2,2,2,1,1,2,1,1,2,2,2,2,2,1,2,2,1,1,1,2,2,2,1,1,2,1,2,2,1,2,2
149,0,0,22,4178925,-77,-1,1,-99,1,21,6,1,-77,1,-77,1,1,-77,-77,2,2,-77,1,-77,2,-77,2,1,-77,2,1,1,1,2,1,-77,-77,2,-77,1,-77,1,2,-77,2,2,1,1,-77,-77,2,-77,1,2,1,1,2,-77,2,2,2,-77,1,2,-77,2,2,1,2,2,1,2,-77,1,-77,-77,1,-77,-77,-77,-77,-77,-77,1,1,-77,2,1,2,2,-77,2,2,-77,2,1,-77,1,1,2,1,1,2,-77,1,1,1,2,-77,-77,1,-77,1,-77,-77,1,2,1,-77,2,2,-77,2,1,1,1,-77,1,2,1,-77,-77,-77,2,2,2,2,1,-77,-77,-77,2,2,-77,2,2,-77,2,2,-77,1,1,2,2,-77,1,-77,-77,1,2,-77,-77,-77,-77,1,-77,1,1,1,2,1,-77,-77,-77,-77,-77,-77,-77,-77,-77,-77,-77,-77,-77,-77,-77,-77,-77,-77,-77,-77,-77,-77,-77,-77,-77,-77,-77,-77,-77,-77,-77,-77,-77,-77,-77,-77,-77,-77,-77,-77,-77,-77,-77,-77,-77,-77,-77,-77,-77,-77,-77,-77,-77,-77,-77,-77,-77,-77,-77,-77,-77,-77,-77,-77,-77,-77,-77,-77,-77,-77,-77,-77,-77,-77,-77,-77,-77,-77,-77,-77,-77,-77,-77,-77,-77,-77,-77,-77,-77,-77,-77,-77,-77,-77,-77,-77,-77,-77,-77,-77,-77,-77,-77,-77,-77,-77,-77,-77,-77,-77,-77,-77,-77,-77,-77,-77,-77,-77,-77,-77,-77,-77,-77,-77,-77,-77,-77,-77,-77,-77,-77,-77,-77,-77,-77,-77,-77,-77,-77,-77,-77,-77,-77,-77,-77,-77,-77,-77,-77,-77,-77,-77,-77,-77,-77,-77,-77,-77,-77,-77
187,0,0,31,4178929,-77,1795,1,-99,1,25,6,2,1,1,1,2,2,2,2,2,1,2,1,2,2,2,2,1,2,2,2,1,1,2,2,2,1,2,1,1,2,1,2,2,2,1,2,1,2,1,1,2,1,2,1,2,2,2,2,2,2,2,1,2,2,2,2,1,1,1,2,2,2,1,2,2,1,1,2,2,2,2,2,1,1,1,2,2,2,2,2,1,2,2,2,1,2,2,2,2,1,1,2,2,1,2,1,2,1,2,2,2,2,2,2,2,2,2,2,2,1,1,2,1,1,2,2,1,1,2,2,1,2,2,2,2,2,1,2,2,2,2,2,2,2,2,1,2,1,1,2,1,2,2,2,1,2,2,2,2,1,1,2,2,2,2,2,2,2,2,1,1,1,1,1,2,2,1,1,2,2,2,1,2,2,2,2,1,2,1,1,1,1,2,2,1,1,2,2,1,2,2,2,2,2,1,1,2,2,1,1,2,1,2,1,2,2,1,2,1,2,2,1,2,2,2,2,1,2,2,1,2,2,1,2,1,1,1,2,2,2,2,2,1,1,1,2,1,2,1,2,2,2,2,2,2,1,2,2,2,1,2,2,2,1,2,1,1,1,1,1,1,1,2,2,2,2,2,2,2,1,1,2,1,1,2,2,1,2,1,1,1,1,2,2,2,2,1,2,1,2,2,2,2,2,2,2,2,2,1,2,1,2,2,2,2,2,2,2,1,1,1,2,2,2,2,2,2,2,1,2
208,0,0,22,4178927,-77,191,1,-99,1,22,6,-77,-77,-77,-77,-77,-77,-77,-77,-77,-77,-77,-77,-77,-77,-77,-77,-77,-77,-77,-77,-77,-77,-77,-77,-77,-77,-77,-77,-77,-77,-77,-77,-77,-77,-77,-77,-77,-77,-77,-77,-77,-77,-77,-77,-77,-77,-77,-77,-77,-77,-77,-77,-77,-77,-77,-77,-77,-77,-77,-77,-77,-77,-77,-77,-77,-77,-77,-77,-77,-77,-77,-77,-77,-77,-77,-77,-77,-77,-77,-77,-77,-77,-77,-77,-77,-77,-77,-77,-77,-77,-77,-77,-77,-77,-77,-77,-77,-77,-77,-77,-77,-77,-77,-77,-77,-77,-77,-77,-77,-77,-77,-77,-77,-77,-77,-77,-77,-77,-77,-77,-77,-77,-77,-77,-77,-77,-77,-77,-77,-77,-77,-77,-77,-77,-77,-77,-77,-77,-77,-77,-77,-77,-77,-77,-77,-77,-77,-77,-77,-77,-77,-77,-77,-77,-77,-77,-77,-77,-77,-77,-77,-77,-77,-77,-77,-77,-77,-77,-77,-77,-77,-77,-77,-77,-77,-77,-77,-77,-77,-77,-77,-77,-77,-77,-77,-77,-77,-77,-77,-77,-77,-77,-77,-77,-77,-77,-77,-77,-77,-77,-77,-77,-77,-77,-77,-77,-77,-77,-77,-77,-77,-77,-77,-77,-77,-77,-77,-77,-77,-77,-77,-77,-77,-77,-77,-77,-77,-77,-77,-77,-77,-77,-77,-77,-77,-77,-77,-77,-77,-77,-77,-77,-77,-77,-77,-77,-77,-77,-77,-77,-77,-77,-77,-77,-77,-77,-77,-77,-77,-77,-77,-77,-77,-77,-77,-77,-77,-77,-77,-77,-77,-77,-77,-77,-77,-77,-77,-77,-77,-77,-77,-77,-77,-77,-77,-77,-77,-77,-77,-77,-77,-77,-77,-77,-77,-77,-77,-77,-77,-77,-77,-77,-77,-77,-77,-77,-77,-77,-77,-77,-77,-77,-77,-77,-77,-77,-77,-77,-77,-77
220,0,0,22,4212269,-77,0,-77,-66,-77,-66,-77,-77,-77,-77,-77,-77,-77,-77,-77,-77,-77,-77,-77,-77,-77,-77,-77,-77,-77,-77,-77,-77,-77,-77,-77,-77,-77,-77,-77,-77,-77,-77,-77,-77,-77,-77,-77,-77,-77,-77,-77,-77,-77,-77,-77,-77,-77,-77,-77,-77,-77,-77,-77,-77,-77,-77,-77,-77,-77,-77,-77,-77,-77,-77,-77,-77,-77,-77,-77,-77,-77,-77,-77,-77,-77,-77,-77,-77,-77,-77,-77,-77,-77,-77,-77,-77,-77,-77,-77,-77,-77,-77,-77,-77,-77,-77,-77,-77,-77,-77,-77,-77,-77,-77,-77,-77,-77,-77,-77,-77,-77,-77,-77,-77,-77,-77,-77,-77,-77,-77,-77,-77,-77,-77,-77,-77,-77,-77,-77,-77,-77,-77,-77,-77,-77,-77,-77,-77,-77,-77,-77,-77,-77,-77,-77,-77,-77,-77,-77,-77,-77,-77,-77,-77,-77,-77,-77,-77,-77,-77,-77,-77,-77,-77,-77,-77,-77,-77,-77,-77,-77,-77,-77,-77,-77,-77,-77,-77,-77,-77,-77,-77,-77,-77,-77,-77,-77,-77,-77,-77,-77,-77,-77,-77,-77,-77,-77,-77,-77,-77,-77,-77,-77,-77,-77,-77,-77,-77,-77,-77,-77,-77,-77,-77,-77,-77,-77,-77,-77,-77,-77,-77,-77,-77,-77,-77,-77,-77,-77,-77,-77,-77,-77,-77,-77,-77,-77,-77,-77,-77,-77,-77,-77,-77,-77,-77,-77,-77,-77,-77,-77,-77,-77,-77,-77,-77,-77,-77,-77,-77,-77,-77,-77,-77,-77,-77,-77,-77,-77,-77,-77,-77,-77,-77,-77,-77,-77,-77,-77,-77,-77,-77,-77,-77,-77,-77,-77,-77,-77,-77,-77,-77,-77,-77,-77,-77,-77,-77,-77,-77,-77,-77,-77,-77,-77,-77,-77,-77,-77,-77,-77,-77,-77,-77,-77,-77,-77,-77,-77,-77,-77
231,0,0,32,4178929,-77,-1,1,-99,1,27,6,2,1,1,1,1,2,2,1,2,2,2,1,2,2,1,2,1,1,1,1,1,1,2,1,1,2,1,1,2,1,1,2,2,2,2,1,1,2,1,1,2,1,2,1,1,2,1,2,2,2,2,1,2,2,1,2,1,2,2,1,2,2,1,2,1,1,2,1,2,2,2,2,1,1,1,2,1,1,1,2,2,2,2,2,1,2,1,1,2,1,1,2,2,1,1,1,2,2,1,2,2,1,1,2,1,2,1,2,1,2,1,2,1,1,2,1,1,2,2,1,1,2,2,2,1,1,1,1,1,2,2,2,2,2,2,1,1,1,2,1,2,2,2,1,1,2,2,2,2,2,2,2,2,1,2,2,1,2,1,2,2,1,1,1,2,2,1,1,1,2,2,1,2,2,1,2,1,1,2,1,1,1,2,1,2,1,1,2,1,2,1,2,2,2,2,1,1,2,1,1,2,1,2,1,1,1,1,2,2,2,2,1,2,2,2,2,2,1,2,1,2,2,1,2,2,1,1,1,1,1,2,1,1,1,2,1,1,2,1,2,2,2,2,2,1,2,1,2,2,1,1,2,2,1,1,1,2,1,1,1,2,1,2,2,1,2,1,2,1,1,1,2,1,1,2,2,1,1,1,1,1,2,2,2,1,1,1,2,1,1,2,1,1,1,2,2,1,1,2,1,1,1,1,1,1,2,2,1,2,2,1,2,2,1,2,2,1,2,1,1
239,0,0,22,4178927,-77,270,1,-99,1,23,6,-77,-77,-77,-77,-77,-77,-77,-77,-77,-77,-77,-77,-77,-77,-77,-77,-77,-77,-77,-77,-77,-77,-77,-77,-77,-77,-77,-77,-77,-77,-77,-77,-77,-77,-77,-77,-77,-77,-77,-77,-77,-77,-77,-77,-77,-77,-77,-77,-77,-77,-77,-77,-77,-77,-77,-77,-77,-77,-77,-77,-77,-77,-77,-77,-77,-77,-77,-77,-77,-77,-77,-77,-77,-77,-77,-77,-77,-77,-77,-77,-77,-77,-77,-77,-77,-77,-77,-77,-77,-77,-77,-77,-77,-77,-77,-77,-77,-77,-77,-77,-77,-77,-77,-77,-77,-77,-77,-77,-77,-77,-77,-77,-77,-77,-77,-77,-77,-77,-77,-77,-77,-77,-77,-77,-77,-77,-77,-77,-77,-77,-77,-77,-77,-77,-77,-77,-77,-77,-77,-77,-77,-77,-77,-77,-77,-77,-77,-77,-77,-77,-77,-77,-77,-77,-77,-77,-77,-77,-77,-77,-77,1,-77,-77,-77,-77,-77,-77,-77,-77,-77,-77,-77,-77,-77,-77,-77,-77,-77,-77,-77,-77,-77,1,1,-77,-77,-77,-77,-77,-77,-77,-77,-77,-77,-77,-77,-77,-77,-77,-77,-77,-77,-77,-77,-77,-77,-77,-77,-77,2,-77,-77,-77,-77,-77,-77,-77,-77,-77,2,-77,-77,-77,2,-77,-77,-77,-77,2,-77,-77,-77,-77,1,-77,-77,-77,-77,1,-77,-77,-77,-77,-77,-77,-77,-77,-77,-77,-77,-77,-77,-77,1,-77,-77,-77,-77,-77,-77,-77,-77,-77,2,-77,-77,-77,-77,-77,-77,-77,2,-77,2,-77,-77,-77,-77,-77,-77,-77,-77,2,-77,-77,-77,-77,-77,-77,2,-77,-77,-77,2,-77,-77,-77,-77,-77,-77,-77,-77,-77,-77,2,-77,-77,-77,-77,-77,-77,-77,-77,-77,-77,-77,-77,-77,-77
251,0,0,32,4178929,-77,-1,2,-99,1,22,6,2,2,2,2,2,2,2,1,2,2,2,1,2,2,1,1,1,2,2,2,1,1,2,2,2,2,2,2,2,2,2,2,2,2,1,2,1,2,2,1,2,1,2,1,1,2,1,2,2,2,2,1,1,2,1,2,1,1,1,2,2,2,1,2,2,2,1,2,1,2,2,2,1,1,1,2,1,2,2,2,2,2,2,2,2,2,2,2,1,1,1,2,2,1,1,2,2,2,1,2,1,1,2,2,2,2,2,2,2,2,1,2,1,1,2,2,1,2,2,1,1,2,2,2,2,2,1,2,1,1,2,2,2,2,2,2,2,2,1,2,1,2,2,2,2,2,1,2,1,2,2,2,2,2,2,2,2,2,1,2,2,2,2,2,2,2,2,2,2,2,1,2,2,1,2,2,2,1,2,2,1,1,2,2,2,2,2,2,1,2,1,2,2,2,1,1,1,2,1,2,2,1,2,1,2,2,2,2,2,2,2,1,2,2,1,2,1,2,1,1,2,2,1,2,2,1,1,2,2,1,2,2,1,1,1,2,1,1,1,2,2,2,2,2,2,1,2,2,1,1,1,2,2,1,2,1,2,1,2,2,2,1,2,2,2,2,2,2,2,2,2,2,2,2,2,1,2,2,2,1,1,2,2,1,2,2,1,2,1,2,2,2,2,2,2,2,1,2,2,2,1,2,2,2,2,2,2,2,2,1,2,2,2,1,1,2,2,1,2,2
252,0,0,31,4178929,-77,3352,1,-99,1,26,6,1,1,1,1,1,2,2,1,1,1,2,1,2,2,1,2,1,1,2,1,1,1,2,1,2,1,1,2,1,1,2,1,2,2,2,1,1,2,1,2,2,1,2,1,1,2,1,2,2,2,2,1,2,2,1,2,1,1,2,1,2,2,1,2,2,1,1,2,1,2,2,2,1,1,1,1,1,2,1,2,2,2,2,2,1,2,1,2,2,1,1,2,2,1,1,1,2,1,2,1,2,2,2,2,2,2,2,2,2,1,1,2,1,1,2,2,1,1,2,2,1,2,2,2,2,1,2,2,1,1,2,2,2,1,2,1,1,1,2,2,2,1,2,1,2,1,1,2,1,2,2,2,2,1,2,2,1,2,1,2,1,2,2,1,2,2,2,2,2,2,1,2,1,1,1,1,1,1,2,2,1,1,2,1,1,2,2,2,1,1,1,2,2,2,2,1,1,2,1,2,2,1,2,1,1,2,1,2,2,1,2,1,2,2,2,1,1,2,1,1,2,2,1,2,2,1,1,1,1,2,2,2,1,1,1,2,1,1,1,2,2,2,2,2,1,2,1,1,2,1,1,2,2,1,1,1,2,1,2,2,2,1,2,2,1,2,2,2,1,1,1,2,1,1,2,2,1,1,1,1,1,1,2,2,1,1,2,1,2,1,2,1,2,2,2,1,1,1,2,2,2,2,1,1,2,1,1,2,2,2,2,2,2,1,2,2,1,2,2,1
258,0,0,22,4178925,-77,1094,1,-99,1,29,6,-77,1,-77,-77,2,-77,2,1,1,1,-77,-77,2,-77,1,-77,1,-77,-77,-77,-77,-77,-77,-77,1,-77,1,-77,1,-77,-77,2,2,-77,2,-77,-77,2,-77,1,-77,1,-77,-77,1,-77,1,-77,1,-77,-77,-77,-77,-77,-77,-77,-77,-77,-77,1,2,-77,1,-77,-77,-77,-77,-77,-77,-77,-77,-77,-77,-77,-77,-77,-77,-77,-77,-77,-77,2,-77,2,-77,-77,-77,1,-77,1,-77,2,2,-77,1,1,2,1,-77,-77,-77,-77,-77,-77,-77,-77,-77,-77,-77,1,1,-77,-77,1,-77,2,1,-77,-77,1,-77,-77,-77,-77,2,2,-77,-77,-77,-77,-77,1,2,2,-77,-77,-77,1,1,1,-77,-77,2,-77,-77,-77,-77,-77,-77,-77,-77,-77,-77,-77,-77,-77,-77,-77,-77,2,-77,-77,-77,-77,-77,-77,-77,-77,-77,-77,-77,-77,-77,-77,-77,-77,-77,-77,-77,-77,-77,-77,-77,-77,-77,-77,-77,-77,-77,-77,-77,-77,-77,-77,-77,-77,-77,-77,-77,-77,-77,-77,-77,-77,-77,-77,-77,-77,-77,-77,-77,-77,-77,-77,-77,-77,-77,-77,-77,-77,-77,-77,-77,-77,-77,-77,-77,-77,-77,-77,-77,-77,-77,-77,-77,-77,-77,-77,-77,-77,-77,-77,-77,-77,-77,-77,-77,-77,-77,-77,-77,-77,-77,-77,-77,-77,-77,-77,-77,-77,-77,-77,-77,-77,-77,-77,-77,-77,-77,-77,-77,-77,-77,-77,-77,-77,-77,-77,-77,-77,-77,-77,-77,-77,-77,-77,-77,-77,-77,-77,-77,-77,-77,-77,-77,-77,-77,-77,-77,-77,-77,-77,-77,-77,-77,-77,-77,-77,-77,-77,-77,-77,-77,-77,-77,-77,-77,-77,-77,-77
268,0,0,22,4178925,-77,2814,2,-99,1,22,6,2,2,2,2,2,-77,2,1,2,2,2,1,2,2,1,-77,2,1,1,2,-77,1,1,1,2,1,-77,1,1,-77,2,2,-77,2,1,1,1,1,1,1,2,1,2,-77,1,1,-77,-77,2,1,2,1,2,2,1,2,1,1,2,1,2,2,1,-77,2,1,-77,2,2,-77,2,2,1,1,1,1,1,2,-77,-77,2,2,2,2,2,2,-77,-77,1,2,1,2,2,1,-77,1,-77,2,1,2,2,2,2,2,1,1,2,2,-77,2,2,-77,1,-77,-77,1,1,2,2,-77,1,2,2,2,2,-77,-77,1,2,2,2,1,2,2,2,1,-77,-77,1,2,1,-77,-77,2,-77,-77,2,1,2,-77,2,2,1,1,-77,2,2,2,1,1,-77,-77,-77,-77,-77,-77,-77,-77,-77,-77,-77,-77,-77,-77,-77,-77,-77,-77,-77,-77,-77,-77,-77,-77,-77,-77,-77,-77,-77,-77,-77,-77,-77,-77,-77,-77,-77,-77,-77,-77,-77,-77,-77,-77,-77,-77,-77,-77,-77,-77,-77,-77,-77,-77,-77,-77,-77,-77,-77,-77,-77,-77,-77,-77,-77,-77,-77,-77,-77,-77,-77,-77,-77,-77,-77,-77,-77,-77,-77,-77,-77,-77,-77,-77,-77,-77,-77,-77,-77,-77,-77,-77,-77,-77,-77,-77,-77,-77,-77,-77,-77,-77,-77,-77,-77,-77,-77,-77,-77,-77,-77,-77,-77,-77,-77,-77,-77,-77,-77,-77,-77,-77,-77,-77,-77,-77,-77,-77,-77,-77,-77,-77,-77,-77,-77,-77,-77,-77,-77,-77,-77,-77,-77,-77,-77,-77,-77,-77,-77,-77,-77,-77,-77,-77,-77,-77,-77,-77,-77,-77
270,0,0,32,4178929,-77,-1,1,-99,1,29,6,2,1,1,2,2,2,2,2,2,2,2,1,2,2,1,2,1,2,1,1,2,1,2,1,1,1,2,2,1,2,2,1,2,2,1,1,1,2,1,2,2,2,2,1,2,2,1,2,2,2,2,1,2,2,1,2,1,1,1,2,2,2,1,2,2,1,1,2,2,1,2,2,1,1,1,2,1,2,1,2,2,2,2,2,1,2,2,1,2,1,1,2,2,1,1,1,2,2,1,2,2,1,2,1,1,1,1,1,2,2,2,2,1,1,2,2,1,2,2,1,1,2,2,2,2,1,1,2,1,1,1,1,1,1,1,1,1,1,2,2,1,2,2,2,2,2,2,2,2,2,1,2,2,2,2,2,1,2,1,1,1,1,1,1,2,2,2,2,2,2,2,1,2,2,1,2,1,2,1,1,1,1,1,1,1,2,2,2,1,2,2,2,2,2,1,1,1,2,1,1,2,1,2,1,1,2,1,2,2,2,2,1,2,2,1,2,1,1,1,1,2,2,1,2,2,1,1,1,2,2,1,2,1,1,1,2,1,1,1,2,2,2,2,2,1,2,1,1,2,1,1,2,2,1,1,1,1,1,1,1,2,1,2,2,2,1,2,2,1,1,1,2,1,1,2,2,1,2,1,1,1,2,2,2,2,2,1,2,1,1,1,2,1,1,2,1,1,1,2,2,1,2,2,2,1,1,2,2,1,1,2,2,1,1,2,2,1,2,1,2
272,0,0,32,4178929,-77,-1,1,-99,1,21,6,1,1,1,1,2,2,2,1,2,2,2,1,2,2,2,2,1,1,2,2,1,1,2,1,2,2,2,2,1,1,1,2,2,2,2,1,1,2,1,2,2,1,2,1,2,2,1,2,2,2,2,1,2,2,1,2,1,2,2,1,2,2,1,2,2,1,1,2,1,2,2,2,1,1,1,2,2,1,2,2,2,2,2,2,1,2,2,1,2,2,1,2,2,1,1,1,2,1,1,2,2,1,2,2,2,2,1,2,2,1,1,2,1,1,2,2,1,2,2,2,1,2,2,2,2,2,1,2,2,1,2,2,2,2,2,1,1,1,2,1,1,2,2,2,1,2,2,2,2,2,2,2,2,1,2,2,1,1,2,2,1,1,1,1,2,2,2,2,2,2,1,1,2,2,2,2,2,2,1,2,1,1,2,1,2,1,2,2,1,2,1,2,2,2,2,2,1,2,1,2,2,1,2,1,1,2,1,2,2,2,2,1,2,2,1,2,1,2,2,1,2,2,1,2,2,1,1,2,1,2,2,2,1,1,1,2,1,1,2,1,2,2,2,2,1,2,1,1,2,2,2,1,2,1,1,1,2,2,1,1,2,1,2,2,1,2,2,2,1,1,2,2,2,1,2,2,1,2,2,1,1,2,2,2,2,2,1,2,1,2,2,2,2,2,2,2,1,1,2,2,1,2,2,2,1,2,1,1,2,2,2,2,2,1,2,2,2,1,2,2
274,0,0,31,4178929,-77,3692,1,-99,1,26,6,1,1,1,1,2,2,2,2,1,1,2,1,2,2,1,1,1,1,1,1,1,1,2,1,1,1,1,2,1,1,1,2,2,2,2,1,1,2,1,2,2,1,2,1,1,2,1,2,2,1,2,1,2,2,1,2,1,1,2,1,2,2,1,2,2,1,1,1,2,2,2,2,1,1,1,2,1,2,1,2,2,2,2,2,1,2,1,1,2,2,1,2,2,1,1,1,2,1,1,1,2,1,2,2,2,2,1,2,1,1,1,2,1,1,2,2,1,1,1,1,1,2,2,2,2,2,1,2,1,1,2,2,2,2,2,1,1,2,2,2,1,2,2,2,1,1,2,2,1,2,2,2,2,1,1,1,2,1,2,2,2,2,2,2,2,2,2,2,2,1,1,2,1,1,2,1,2,1,2,2,1,1,2,1,1,1,2,2,1,1,2,1,1,1,1,2,2,2,1,2,2,1,2,1,1,2,1,2,2,2,2,1,2,2,1,2,1,2,1,1,2,2,1,2,2,1,1,1,2,2,1,1,1,2,1,2,2,1,1,2,2,2,2,2,1,2,1,1,2,1,1,2,2,1,2,1,2,1,1,1,2,1,2,2,2,2,1,2,1,2,1,2,1,1,2,2,1,2,1,1,1,2,2,2,2,2,1,2,1,2,2,2,2,2,2,1,1,1,2,2,1,2,2,2,1,1,2,2,1,1,2,2,1,2,1,1,2,1,2,2
275,0,0,22,4212269,-77,0,-77,-66,-77,-66,-77,-77,-77,-77,-77,-77,-77,-77,-77,-77,-77,-77,-77,-77,-77,-77,-77,-77,-77,-77,-77,-77,-77,-77,-77,-77,-77,-77,-77,-77,-77,-77,-77,-77,-77,-77,-77,-77,-77,-77,-77,-77,-77,-77,-77,-77,-77,-77,-77,-77,-77,-77,-77,-77,-77,-77,-77,-77,-77,-77,-77,-77,-77,-77,-77,-77,-77,-77,-77,-77,-77,-77,-77,-77,-77,-77,-77,-77,-77,-77,-77,-77,-77,-77,-77,-77,-77,-77,-77,-77,-77,-77,-77,-77,-77,-77,-77,-77,-77,-77,-77,-77,-77,-77,-77,-77,-77,-77,-77,-77,-77,-77,-77,-77,-77,-77,-77,-77,-77,-77,-77,-77,-77,-77,-77,-77,-77,-77,-77,-77,-77,-77,-77,-77,-77,-77,-77,-77,-77,-77,-77,-77,-77,-77,-77,-77,-77,-77,-77,-77,-77,-77,-77,-77,-77,-77,-77,-77,-77,-77,-77,-77,-77,-77,-77,-77,-77,-77,-77,-77,-77,-77,-77,-77,-77,-77,-77,-77,-77,-77,-77,-77,-77,-77,-77,-77,-77,-77,-77,-77,-77,-77,-77,-77,-77,-77,-77,-77,-77,-77,-77,-77,-77,-77,-77,-77,-77,-77,-77,-77,-77,-77,-77,-77,-77,-77,-77,-77,-77,-77,-77,-77,-77,-77,-77,-77,-77,-77,-77,-77,-77,-77,-77,-77,-77,-77,-77,-77,-77,-77,-77,-77,-77,-77,-77,-77,-77,-77,-77,-77,-77,-77,-77,-77,-77,-77,-77,-77,-77,-77,-77,-77,-77,-77,-77,-77,-77,-77,-77,-77,-77,-77,-77,-77,-77,-77,-77,-77,-77,-77,-77,-77,-77,-77,-77,-77,-77,-77,-77,-77,-77,-77,-77,-77,-77,-77,-77,-77,-77,-77,-77,-77,-77,-77,-77,-77,-77,-77,-77,-77,-77,-77,-77,-77,-77,-77,-77,-77,-77,-77,-77
278,0,0,31,4178929,-77,2166,1,-99,1,17,6,1,1,1,1,2,2,1,1,1,1,1,1,1,2,2,1,2,1,2,2,1,1,2,1,2,2,2,2,2,2,2,2,2,2,2,1,1,2,1,1,2,1,2,1,1,2,1,2,1,2,2,1,2,2,1,2,1,1,1,1,2,2,1,2,1,1,1,1,2,2,2,2,1,1,1,2,1,1,1,2,2,2,2,2,2,2,1,2,1,2,1,2,2,1,2,1,2,1,1,1,2,1,2,2,2,1,2,1,2,1,1,2,1,1,2,1,1,2,2,1,1,2,2,2,2,2,1,2,1,1,2,2,2,2,2,2,1,2,2,1,1,2,1,1,2,1,1,1,2,1,2,2,1,1,2,1,1,2,1,2,2,1,1,1,2,2,2,1,1,2,1,1,1,1,2,1,2,1,2,1,1,1,2,1,1,1,1,1,1,1,1,1,1,1,1,1,1,2,1,1,2,1,2,1,2,2,2,2,2,1,2,1,2,2,1,2,1,1,2,1,2,2,1,2,2,1,1,1,1,2,2,2,1,1,1,2,1,1,2,1,2,2,2,2,2,2,2,1,2,2,1,2,2,1,2,1,2,1,1,1,2,1,2,2,2,2,2,2,1,1,1,2,1,2,2,1,1,2,1,1,1,2,2,2,2,2,1,2,1,2,1,2,1,2,2,1,1,1,2,2,2,2,1,1,2,2,1,2,2,2,2,2,2,1,2,1,1,1,2,2
282,0,0,31,4178929,-77,1390,1,-99,1,18,6,1,1,1,1,2,2,2,1,1,2,2,2,2,2,1,2,2,2,1,2,1,1,2,1,1,1,2,2,2,1,1,2,2,2,2,1,1,2,1,2,2,1,2,1,2,2,1,1,2,1,2,1,2,2,1,2,1,1,2,2,2,2,1,2,2,1,1,2,1,2,2,2,1,1,1,2,1,2,1,2,2,2,2,2,2,2,1,2,2,2,2,2,2,1,1,1,2,1,2,2,2,1,2,2,2,1,2,2,1,2,2,1,1,1,2,2,1,2,2,2,1,2,2,2,2,2,1,2,2,2,2,2,2,2,2,1,2,1,1,2,2,1,2,1,2,2,2,2,2,2,2,2,2,1,1,2,1,2,2,2,2,2,2,2,2,2,1,2,2,2,1,2,1,1,1,1,1,1,2,1,2,2,2,1,1,2,1,2,1,1,2,2,1,1,1,2,1,1,1,1,1,1,2,1,1,2,1,2,2,2,2,1,2,2,1,2,1,2,2,1,2,2,1,2,2,1,1,1,2,1,2,2,1,1,2,2,1,1,2,1,2,1,2,2,1,1,1,1,1,2,2,1,2,1,2,2,1,1,1,2,2,1,2,1,2,2,2,2,2,2,2,1,2,2,2,2,2,1,1,1,1,2,2,2,2,2,1,2,1,2,2,2,2,1,2,2,1,1,2,2,2,1,1,1,2,2,2,2,2,2,2,2,2,1,2,2,1,2,2,1
283,0,0,22,4178925,-77,1252,1,-99,0,26,6,-77,-77,-77,-77,-77,-77,-77,-77,-77,-77,-77,1,-77,-77,1,-77,-77,-77,-77,1,-77,-77,-77,-77,-77,-77,-77,-77,-77,1,-77,-77,-77,-77,2,-77,-77,-77,-77,-77,-77,1,-77,-77,-77,-77,-77,-77,-77,-77,-77,-77,-77,-77,-77,-77,-77,-77,-77,-77,-77,-77,-77,-77,-77,-77,-77,-77,-77,-77,-77,-77,-77,-77,-77,2,-77,-77,-77,-77,-77,-77,-77,-77,-77,-77,-77,-77,-77,-77,-77,-77,-77,-77,-77,1,2,-77,-77,2,-77,-77,-77,-77,1,-77,-77,-77,-77,-77,-77,-77,-77,-77,-77,2,-77,-77,-77,-77,-77,-77,-77,2,-77,-77,-77,-77,-77,-77,-77,-77,-77,-77,-77,-77,1,-77,-77,-77,-77,-77,2,-77,-77,-77,-77,-77,-77,-77,-77,-77,-77,1,-77,-77,1,-77,-77,-77,-77,-77,-77,-77,-77,-77,-77,-77,-77,-77,-77,-77,-77,-77,-77,-77,-77,-77,-77,-77,-77,-77,-77,-77,-77,-77,-77,-77,-77,-77,-77,-77,-77,-77,-77,-77,-77,-77,-77,-77,-77,-77,-77,-77,-77,-77,-77,-77,-77,-77,-77,-77,-77,-77,-77,-77,-77,-77,-77,-77,-77,-77,-77,-77,-77,-77,-77,-77,-77,-77,-77,-77,-77,-77,-77,-77,-77,-77,-77,-77,-77,-77,-77,-77,-77,-77,-77,-77,-77,-77,-77,-77,-77,-77,-77,-77,-77,-77,-77,-77,-77,-77,-77,-77,-77,-77,-77,-77,-77,-77,-77,-77,-77,-77,-77,-77,-77,-77,-77,-77,-77,-77,-77,-77,-77,-77,-77,-77,-77,-77,-77,-77,-77,-77,-77,-77,-77,-77,-77,-77,-77,-77,-77,-77,-77,-77,-77,-77,-77,-77,-77,-77,-77,-77,-77,-77,-77,-77,-77,-77
287,0,0,31,4178929,-77,2640,1,-99,1,19,6,1,1,1,1,1,2,2,1,2,1,2,1,2,2,1,2,1,1,2,1,1,1,1,1,2,2,2,2,1,1,1,2,2,2,2,2,1,2,1,2,2,1,2,1,1,1,1,1,2,1,2,1,2,2,1,2,1,2,2,1,2,2,1,2,1,1,1,2,1,2,2,2,1,1,1,2,1,1,2,1,2,2,2,2,1,1,2,2,1,2,1,2,2,1,1,1,2,1,1,1,2,1,2,2,2,2,2,2,1,1,1,2,1,1,2,2,1,2,2,2,1,2,2,2,2,2,1,2,1,2,2,1,1,1,2,1,1,1,2,2,2,1,1,1,1,1,2,1,1,2,2,2,2,1,2,1,1,2,2,2,2,1,1,1,2,2,2,1,1,1,1,1,2,1,1,2,1,1,2,2,1,1,1,1,2,2,2,2,1,1,1,1,2,2,2,2,1,2,1,1,2,1,2,1,1,2,1,2,2,2,2,1,2,2,1,2,1,2,1,1,2,2,1,2,2,1,1,2,1,1,2,2,1,1,1,2,1,2,1,2,2,2,2,2,1,1,2,1,1,1,1,2,2,1,1,1,2,1,1,1,2,1,2,2,1,1,2,2,2,1,1,2,1,1,2,2,1,1,1,2,1,2,2,2,2,2,1,1,2,2,1,1,1,1,1,1,1,1,1,1,2,1,1,1,2,1,1,1,1,2,2,2,2,1,2,2,1,2,1,1
288,0,0,31,4178929,-77,4362,1,-99,1,25,6,1,1,1,1,2,2,2,1,1,2,2,1,2,2,1,2,1,2,1,2,1,1,2,1,2,2,2,1,1,2,2,2,2,2,2,1,1,2,2,1,2,1,2,1,1,2,1,2,2,1,2,1,2,2,1,2,1,1,1,1,2,2,1,2,1,1,2,1,1,2,2,2,1,1,1,2,1,1,1,2,2,2,2,2,2,2,1,2,2,2,1,2,2,1,1,2,2,2,2,1,2,1,2,2,1,1,1,1,1,1,1,2,1,1,2,2,1,2,1,2,1,2,2,2,2,2,1,1,1,2,2,2,2,2,2,2,2,2,2,2,1,2,2,2,2,1,2,2,1,2,2,2,2,1,2,2,1,1,1,2,1,1,1,2,2,1,1,2,2,2,2,1,2,2,2,2,1,1,2,2,1,1,2,1,1,2,2,2,1,2,1,2,2,2,1,1,1,2,1,1,2,1,2,1,1,1,1,2,2,1,2,1,2,2,1,2,1,1,2,1,2,2,1,2,2,1,1,2,1,2,2,1,1,2,2,2,1,2,1,2,2,2,2,2,2,2,1,1,2,1,1,2,2,1,1,1,2,1,1,1,2,1,2,2,2,1,1,1,2,1,1,2,1,1,2,2,1,2,2,2,1,2,2,2,2,2,1,2,1,1,2,1,2,2,2,1,2,2,1,1,1,2,1,2,2,1,2,1,1,2,2,2,2,1,2,2,1,1,2,2
289,0,0,22,4178927,-77,274,1,-99,1,22,6,-77,-77,-77,-77,-77,-77,-77,-77,-77,-77,-77,-77,-77,-77,-77,-77,-77,-77,-77,-77,-77,-77,-77,-77,-77,-77,-77,-77,-77,-77,-77,-77,-77,-77,-77,-77,-77,-77,-77,-77,-77,-77,-77,-77,-77,-77,-77,-77,-77,-77,-77,-77,-77,-77,-77,-77,-77,-77,-77,-77,-77,-77,-77,-77,-77,-77,-77,-77,-77,-77,-77,-77,-77,-77,-77,-77,-77,-77,-77,-77,-77,-77,-77,-77,-77,-77,-77,-77,-77,-77,-77,-77,-77,-77,-77,-77,-77,-77,-77,-77,-77,-77,-77,-77,-77,-77,-77,-77,-77,-77,-77,-77,-77,-77,-77,-77,-77,-77,-77,-77,-77,-77,-77,-77,-77,-77,-77,-77,-77,-77,-77,-77,-77,-77,-77,-77,-77,-77,-77,-77,-77,-77,-77,-77,-77,-77,-77,-77,-77,-77,-77,-77,-77,-77,-77,-77,-77,-77,-77,-77,-77,2,-77,-77,-77,2,-77,-77,-77,-77,-77,-77,-77,-77,-77,-77,-77,-77,2,-77,-77,-77,-77,-77,-77,-77,-77,-77,-77,-77,-77,-77,-77,2,-77,-77,-77,-77,-77,-77,-77,-77,-77,-77,-77,-77,-77,-77,-77,-77,-77,-77,-77,2,-77,-77,-77,2,-77,-77,-77,-77,-77,-77,2,-77,-77,-77,-77,-77,-77,-77,-77,-77,-77,-77,-77,-77,1,-77,-77,-77,-77,-77,-77,-77,-77,1,-77,-77,-77,-77,-77,-77,-77,-77,-77,-77,-77,-77,-77,-77,-77,-77,-77,-77,-77,-77,-77,-77,-77,-77,-77,-77,-77,-77,-77,-77,-77,-77,1,-77,-77,-77,-77,2,-77,-77,-77,-77,-77,-77,-77,-77,-77,-77,-77,-77,-77,-77,-77,-77,-77,-77,-77,1,-77,-77,-77,2,2,-77,-77,-77,1,1,-77,-77,-77,-77
291,0,0,31,4178929,-77,1485,1,-99,1,23,6,1,1,2,2,2,2,2,2,2,2,2,1,2,2,1,2,1,2,2,2,2,1,2,1,2,2,2,2,1,2,2,2,2,2,2,1,1,2,2,2,2,2,2,1,1,2,1,2,2,1,2,1,2,2,2,2,1,1,1,1,2,2,1,2,2,2,2,2,2,2,2,2,1,1,2,1,1,1,1,2,2,2,2,2,1,2,2,2,2,1,1,2,2,1,2,2,2,2,1,2,2,1,2,2,1,2,2,2,1,2,2,1,2,2,1,2,1,2,2,1,1,1,2,2,2,1,1,2,2,2,2,2,2,2,2,2,2,2,2,1,1,2,2,1,2,2,1,1,2,1,2,2,2,1,1,2,1,2,2,1,1,2,2,2,2,2,2,1,1,1,2,1,2,2,1,1,1,1,2,2,1,1,1,1,1,2,2,1,2,2,2,1,1,2,2,1,1,2,2,2,2,1,2,1,1,2,1,2,2,2,2,1,2,2,1,2,1,1,2,2,2,2,1,2,2,1,1,2,2,2,1,1,1,1,2,1,1,2,2,2,2,2,2,2,1,2,1,2,2,2,1,2,2,1,1,1,2,2,1,1,2,1,2,1,2,1,2,2,2,1,2,2,1,1,2,2,2,2,1,1,2,2,2,2,2,2,1,1,1,2,2,1,2,1,2,1,1,2,1,2,2,2,2,1,2,2,1,2,2,1,2,2,2,1,1,1,1,1,1,2
292,0,0,22,4178927,-77,175,1,-99,1,24,6,-77,-77,-77,-77,-77,-77,-77,-77,-77,-77,-77,-77,-77,-77,-77,-77,-77,-77,-77,-77,-77,-77,-77,-77,-77,-77,-77,-77,-77,-77,-77,-77,-77,-77,-77,-77,-77,-77,-77,-77,-77,-77,-77,-77,-77,-77,-77,-77,-77,-77,-77,-77,-77,-77,-77,-77,-77,-77,-77,-77,-77,-77,-77,-77,-77,-77,-77,-77,-77,-77,-77,-77,-77,-77,-77,-77,-77,-77,-77,-77,-77,-77,-77,-77,-77,-77,-77,-77,-77,-77,-77,-77,-77,-77,-77,-77,-77,-77,-77,-77,-77,-77,-77,-77,-77,-77,-77,-77,-77,-77,-77,-77,-77,-77,-77,-77,-77,-77,-77,-77,-77,-77,-77,-77,-77,-77,-77,-77,-77,-77,-77,-77,-77,-77,-77,-77,-77,-77,-77,-77,-77,-77,-77,-77,-77,-77,-77,-77,-77,-77,-77,-77,-77,-77,-77,-77,-77,-77,-77,-77,2,-77,1,-77,2,-77,-77,-77,-77,-77,-77,-77,2,-77,-77,-77,-77,-77,-77,-77,-77,-77,-77,-77,-77,-77,-77,-77,-77,-77,-77,-77,-77,-77,-77,-77,-77,-77,-77,-77,-77,-77,-77,-77,1,-77,-77,-77,-77,1,-77,-77,-77,-77,-77,-77,-77,-77,2,-77,-77,-77,-77,-77,-77,-77,-77,-77,-77,-77,-77,-77,-77,-77,-77,-77,-77,-77,-77,2,2,-77,-77,-77,-77,-77,-77,-77,-77,-77,-77,-77,-77,-77,-77,-77,-77,1,-77,-77,-77,-77,-77,-77,2,-77,-77,-77,1,1,-77,-77,-77,-77,1,-77,2,2,-77,-77,-77,-77,-77,-77,-77,-77,-77,-77,-77,-77,-77,-77,-77,-77,-77,-77,-77,-77,-77,-77,-77,-77,-77,-77,-77,-77,-77,-77,-77,-77,-77,-77,-77,-77,-77,-77,-77,1,-77,-77
293,0,0,22,4178925,-77,149,1,-99,1,32,6,-77,-77,-77,-77,-77,-77,-77,1,-77,-77,-77,-77,-77,-77,-77,-77,-77,-77,-77,-77,-77,-77,-77,-77,-77,-77,-77,-77,-77,-77,-77,-77,-77,-77,2,-77,-77,-77,2,-77,-77,-77,-77,-77,-77,-77,-77,-77,-77,-77,-77,-77,-77,-77,-77,-77,-77,-77,-77,-77,-77,-77,1,-77,-77,-77,-77,2,-77,-77,-77,-77,-77,-77,1,2,-77,-77,-77,-77,-77,-77,2,-77,-77,-77,-77,-77,-77,-77,-77,-77,-77,-77,-77,-77,-77,-77,-77,-77,-77,-77,-77,-77,-77,2,-77,2,-77,-77,-77,-77,-77,-77,-77,-77,-77,-77,-77,-77,-77,-77,-77,-77,-77,-77,-77,-77,-77,-77,-77,-77,-77,-77,-77,-77,1,-77,-77,-77,-77,-77,-77,-77,-77,-77,-77,-77,-77,-77,-77,-77,-77,-77,-77,2,-77,-77,-77,2,-77,-77,-77,-77,-77,-77,-77,-77,-77,-77,-77,-77,-77,-77,-77,-77,-77,-77,-77,-77,-77,-77,-77,-77,-77,-77,-77,-77,-77,-77,-77,-77,-77,-77,-77,-77,-77,-77,-77,-77,-77,-77,-77,-77,-77,-77,-77,-77,-77,-77,-77,-77,-77,-77,-77,-77,-77,-77,-77,-77,-77,-77,-77,-77,-77,-77,-77,-77,-77,-77,-77,-77,-77,-77,-77,-77,-77,-77,-77,-77,-77,-77,-77,-77,-77,-77,-77,-77,-77,-77,-77,-77,-77,-77,-77,-77,-77,-77,-77,-77,-77,-77,-77,-77,-77,-77,-77,-77,-77,-77,-77,-77,-77,-77,-77,-77,-77,-77,-77,-77,-77,-77,-77,-77,-77,-77,-77,-77,-77,-77,-77,-77,-77,-77,-77,-77,-77,-77,-77,-77,-77,-77,-77,-77,-77,-77,-77,-77,-77,-77,-77,-77,-77,-77,-77,-77,-77,-77,-77,-77
294,0,0,31,4178929,-77,1995,1,-99,1,20,6,2,1,1,1,1,2,2,2,1,1,2,1,2,2,2,1,1,2,2,2,1,1,2,1,1,2,1,2,1,2,1,1,2,1,1,1,2,2,2,1,2,1,2,1,2,2,1,1,2,2,2,1,2,2,1,2,1,1,2,2,2,2,1,2,2,1,1,1,2,2,2,2,1,1,2,2,1,2,1,2,2,2,2,2,1,2,1,1,2,2,1,2,2,1,1,1,2,2,1,2,2,1,2,2,1,1,2,2,2,1,2,2,1,1,2,2,1,2,1,1,1,2,2,2,2,2,1,2,1,2,2,2,2,2,2,2,1,2,1,2,1,2,2,2,2,2,2,2,2,2,2,2,2,1,1,2,2,1,2,2,2,1,2,2,1,1,2,1,1,2,2,1,1,2,1,1,1,1,1,1,1,1,1,2,1,2,2,1,1,2,2,1,1,2,2,1,1,2,2,1,2,1,2,1,1,2,1,2,2,2,2,1,2,2,1,2,1,1,1,1,2,2,1,2,1,1,1,2,1,1,2,2,1,1,2,2,1,1,2,2,2,2,2,2,1,2,1,1,2,2,2,2,2,1,2,1,1,1,2,1,2,1,2,2,2,2,2,2,2,1,1,2,1,1,2,2,1,2,1,1,1,2,2,2,2,2,1,2,1,2,2,2,2,2,1,2,2,2,1,2,1,2,2,2,2,2,1,2,1,2,2,2,2,1,2,2,1,2,2,1
295,0,0,22,4178925,-77,991,1,-99,1,24,6,-77,-77,1,1,2,2,2,-77,-77,-77,-77,1,-77,-77,-77,2,1,1,-77,-77,-77,1,-77,-77,-77,1,1,-77,-77,2,1,2,2,-77,-77,1,-77,2,-77,1,-77,1,-77,-77,-77,-77,-77,-77,-77,1,-77,1,-77,-77,1,-77,1,-77,-77,1,-77,2,1,-77,2,1,1,-77,1,-77,-77,2,-77,-77,-77,-77,1,2,-77,-77,-77,2,2,2,-77,-77,-77,2,1,2,1,-77,-77,-77,1,-77,2,-77,-77,2,-77,-77,2,2,-77,2,1,2,-77,1,1,2,-77,1,-77,2,-77,1,-77,2,-77,2,2,-77,2,-77,-77,1,-77,2,-77,-77,-77,2,-77,-77,-77,-77,1,-77,-77,2,2,2,-77,-77,-77,2,-77,2,2,-77,-77,1,2,-77,1,-77,-77,-77,-77,-77,-77,-77,-77,-77,-77,-77,-77,-77,-77,-77,-77,-77,-77,-77,-77,-77,-77,-77,-77,-77,-77,-77,-77,-77,-77,-77,-77,-77,-77,-77,-77,-77,-77,-77,-77,-77,-77,-77,-77,-77,-77,-77,-77,-77,-77,-77,-77,-77,-77,-77,-77,-77,-77,-77,-77,-77,-77,-77,-77,-77,-77,-77,-77,-77,-77,-77,-77,-77,-77,-77,-77,-77,-77,-77,-77,-77,-77,-77,-77,-77,-77,-77,-77,-77,-77,-77,-77,-77,-77,-77,-77,-77,-77,-77,-77,-77,-77,-77,-77,-77,-77,-77,-77,-77,-77,-77,-77,-77,-77,-77,-77,-77,-77,-77,-77,-77,-77,-77,-77,-77,-77,-77,-77,-77,-77,-77,-77,-77,-77,-77,-77,-77,-77,-77,-77,-77,-77,-77,-77,-77,-77,-77,-77,-77,-77,-77,-77,-77,-77,-77,-77,-77,-77,-77,-77,-77,-77,-77
301,0,0,31,4178929,-77,1701,1,-99,1,21,6,2,2,2,2,2,2,2,2,2,1,2,1,2,2,1,2,1,1,1,1,1,2,2,2,1,2,2,2,1,2,1,2,2,2,1,2,2,2,1,1,2,1,2,1,2,2,1,2,1,1,2,1,2,2,1,2,1,2,2,1,2,2,1,2,2,1,1,2,2,2,2,2,1,1,2,1,2,2,1,1,2,2,2,2,2,2,2,2,2,2,1,2,2,1,1,1,2,1,1,2,2,1,2,2,2,2,2,1,2,2,1,2,1,1,2,2,1,2,1,2,1,2,2,2,2,2,1,2,2,2,2,2,2,2,1,1,1,2,1,2,1,2,2,2,2,1,2,2,2,2,2,2,2,1,2,2,1,2,2,2,2,2,2,2,2,2,2,1,1,1,2,1,2,2,1,2,1,2,2,2,1,2,2,1,1,2,2,2,1,2,1,1,1,2,2,1,1,1,1,2,2,1,2,1,1,2,2,1,2,2,2,1,2,2,1,2,1,2,2,1,2,2,1,2,2,1,1,2,2,1,2,2,1,1,2,2,2,2,2,1,2,2,2,2,2,1,1,2,2,2,1,2,2,1,1,2,2,1,1,2,1,2,2,2,1,2,2,2,2,2,1,2,1,1,2,2,1,2,1,2,1,2,2,2,2,2,1,1,1,2,2,2,2,2,2,1,1,2,1,2,1,2,2,2,1,1,2,2,2,2,2,2,2,2,2,1,2,1,2,2
302,0,0,31,4178929,-77,2149,2,-99,1,19,6,1,2,1,1,2,2,2,1,1,2,2,1,2,2,1,1,1,1,1,1,1,2,2,2,1,1,2,2,1,1,1,1,2,2,1,2,2,2,2,2,2,2,2,1,1,2,1,1,1,1,2,1,2,2,1,2,1,2,1,1,2,2,1,2,1,1,1,2,2,1,2,2,2,1,2,2,1,2,2,1,2,2,2,2,1,1,1,2,1,2,2,2,2,1,1,2,2,2,2,1,1,2,1,1,2,2,1,1,2,2,2,1,2,1,2,2,2,1,2,1,1,2,2,1,2,1,1,2,1,2,2,2,2,2,1,2,1,2,1,1,2,2,2,2,1,1,1,2,2,2,2,2,2,1,2,2,2,2,2,2,2,1,2,1,2,1,2,1,1,2,2,2,2,1,1,1,1,2,2,2,2,1,1,2,2,2,1,1,1,2,2,1,1,1,1,2,2,2,1,2,2,1,2,2,2,2,1,2,2,2,2,1,2,2,1,2,2,1,1,2,2,2,1,2,2,2,1,2,1,2,2,2,1,1,1,2,2,2,2,2,2,2,2,2,2,2,2,2,1,2,2,2,2,2,2,1,1,2,1,2,1,2,1,2,2,1,2,1,2,2,2,1,2,1,1,2,2,2,2,1,1,2,2,2,2,2,2,2,2,2,2,2,2,1,2,2,2,2,2,2,1,2,2,1,1,1,2,2,2,2,2,2,2,1,2,1,2,2,1,2
303,0,0,31,4178929,-77,1900,1,-99,1,49,6,1,1,1,1,1,2,2,1,1,2,2,1,2,2,1,2,1,2,1,2,1,1,2,1,1,1,2,1,2,1,1,1,2,2,2,1,1,1,1,1,2,1,2,1,2,1,1,2,2,1,2,1,2,2,1,2,1,2,1,1,2,2,1,2,1,1,1,1,1,2,2,2,1,1,1,2,1,1,2,2,2,2,2,2,1,2,1,2,1,2,1,2,2,1,1,1,2,1,2,2,2,1,2,2,1,1,1,2,2,1,1,2,1,2,2,2,1,1,1,1,1,2,2,2,2,2,1,2,2,2,2,2,2,2,2,2,2,1,2,2,1,2,2,2,1,1,2,2,2,1,2,2,2,1,1,1,2,2,1,2,1,1,1,1,2,2,2,2,1,2,2,1,2,2,1,2,1,2,2,2,2,2,1,1,2,1,1,1,2,2,2,2,1,2,2,1,1,2,1,1,2,1,2,1,2,2,1,2,2,2,2,1,2,2,1,2,1,1,1,1,2,2,1,2,2,1,1,2,1,2,2,2,1,1,2,2,1,1,2,2,2,2,2,2,1,2,1,1,2,2,1,2,2,1,1,1,2,1,1,2,2,1,2,2,2,2,1,1,2,1,1,2,1,2,2,2,1,1,1,1,1,2,2,2,2,2,2,2,1,1,2,2,2,2,1,1,2,2,2,2,1,2,1,2,1,1,2,2,1,2,2,2,1,1,1,1,1,1,2,2
305,0,0,31,4178929,-77,1350,2,-99,1,23,6,2,2,1,2,1,1,2,2,2,2,1,2,2,2,1,2,1,1,2,1,2,1,2,2,2,1,2,1,2,1,2,1,1,1,2,2,2,1,2,1,2,1,1,1,1,2,1,2,2,1,2,2,2,2,1,2,1,2,2,1,2,2,2,1,2,2,1,2,2,2,1,2,2,2,2,2,2,2,2,2,2,2,2,2,2,2,2,2,2,1,1,1,2,1,2,2,2,2,1,2,2,1,1,2,2,1,2,2,1,1,1,2,2,2,2,1,2,2,2,2,1,2,2,2,2,1,1,2,2,2,2,2,2,1,2,2,2,2,1,2,1,2,2,1,1,2,2,1,2,2,2,2,1,2,2,1,1,1,2,1,2,2,2,2,1,1,2,2,1,2,1,2,2,2,1,2,2,1,2,2,1,1,2,2,1,2,2,2,2,1,2,2,2,2,2,2,1,1,2,2,2,2,2,1,2,2,2,1,1,2,2,2,2,2,2,1,2,2,2,1,2,2,2,2,1,2,2,2,2,2,2,2,1,2,2,1,2,2,2,2,2,2,2,2,1,2,1,2,1,1,2,2,2,2,1,1,2,1,2,2,2,2,2,2,2,2,2,2,1,2,2,2,1,2,1,2,2,2,2,2,2,2,2,2,2,2,2,2,2,2,1,2,2,2,2,1,2,2,2,2,1,2,2,2,2,2,2,2,2,1,1,2,1,2,1,2,2,1,2,2
309,0,0,22,4178927,-77,-1,1,-99,1,24,6,1,1,1,2,1,1,2,2,2,1,2,1,2,2,1,1,2,1,2,1,1,1,2,1,2,2,2,1,1,2,2,1,1,2,2,1,1,2,2,1,2,1,2,1,2,2,1,1,1,1,2,1,2,2,1,1,1,1,1,2,2,2,1,2,1,2,2,1,1,2,1,1,1,1,2,1,1,1,1,2,2,2,2,2,2,2,1,1,1,2,2,2,2,1,1,1,2,2,1,1,2,1,2,2,1,1,1,1,2,1,1,2,1,1,2,2,1,1,2,2,1,2,2,2,2,2,1,2,1,1,1,1,1,1,2,1,1,1,1,2,2,2,1,1,1,2,1,1,2,2,2,2,2,1,2,2,1,2,2,2,-77,-77,-77,-77,-77,-77,-77,-77,-77,-77,-77,-77,-77,-77,-77,-77,-77,-77,-77,-77,-77,-77,-77,-77,-77,-77,-77,-77,-77,-77,-77,1,-77,-77,-77,2,-77,-77,-77,-77,-77,-77,-77,-77,-77,-77,-77,-77,-77,-77,2,-77,-77,-77,-77,-77,-77,1,-77,1,-77,-77,-77,-77,-77,-77,-77,-77,-77,-77,-77,-77,-77,-77,-77,1,-77,-77,-77,-77,-77,-77,-77,2,-77,-77,2,-77,-77,-77,-77,1,-77,-77,-77,-77,-77,-77,-77,-77,-77,-77,-77,2,2,-77,-77,-77,2,-77,-77,-77,-77,-77,-77,-77,1,-77,-77,-77,-77,-77,-77,-77,-77,-77,-77,-77,-77,2,-77,-77,-77,-77,-77,-77,-77,-77,-77,-77,-77,-77,-77,-77,-77,-77,-77,-77,-77,-77,-77,-77,2,-77,-77,-77,-77,-77,-77,-77
310,0,0,31,4178929,-77,5453,1,-99,1,20,6,1,1,1,1,1,2,2,2,1,1,2,1,2,2,2,2,1,2,2,1,1,1,2,1,1,1,1,2,1,2,2,1,2,1,1,1,1,2,1,1,2,1,2,1,2,2,1,2,2,1,2,1,2,2,1,2,1,1,2,1,2,2,1,2,2,1,1,2,2,2,2,2,1,1,1,2,1,1,2,1,2,2,2,2,1,2,1,1,1,2,1,2,2,1,1,1,2,1,1,1,1,1,2,2,2,2,1,1,1,1,1,2,1,1,2,2,1,1,1,1,1,2,2,2,2,2,1,2,1,2,2,2,2,2,2,2,2,1,1,2,1,2,2,2,1,1,2,2,1,1,2,2,2,1,1,2,1,1,2,2,2,2,2,2,2,1,2,2,2,2,2,1,2,2,1,1,1,1,2,1,1,1,2,1,1,1,1,2,2,2,1,1,2,2,1,1,1,2,1,2,2,1,2,1,1,2,1,2,2,2,2,1,2,2,1,1,1,1,2,2,2,2,1,2,2,1,1,1,2,2,2,2,1,1,1,2,2,1,2,2,2,2,2,2,1,2,1,1,1,2,2,1,1,1,2,1,2,1,1,1,2,1,2,2,1,2,2,1,1,2,1,2,1,1,1,2,1,2,1,1,1,2,2,2,2,2,1,1,1,1,1,1,1,1,2,1,1,1,1,1,2,1,1,1,1,2,1,1,2,2,2,2,2,1,1,1,2,1,1,2
311,0,0,22,4212269,-77,0,-77,-66,-77,-66,-77,-77,-77,-77,-77,-77,-77,-77,-77,-77,-77,-77,-77,-77,-77,-77,-77,-77,-77,-77,-77,-77,-77,-77,-77,-77,-77,-77,-77,-77,-77,-77,-77,-77,-77,-77,-77,-77,-77,-77,-77,-77,-77,-77,-77,-77,-77,-77,-77,-77,-77,-77,-77,-77,-77,-77,-77,-77,-77,-77,-77,-77,-77,-77,-77,-77,-77,-77,-77,-77,-77,-77,-77,-77,-77,-77,-77,-77,-77,-77,-77,-77,-77,-77,-77,-77,-77,-77,-77,-77,-77,-77,-77,-77,-77,-77,-77,-77,-77,-77,-77,-77,-77,-77,-77,-77,-77,-77,-77,-77,-77,-77,-77,-77,-77,-77,-77,-77,-77,-77,-77,-77,-77,-77,-77,-77,-77,-77,-77,-77,-77,-77,-77,-77,-77,-77,-77,-77,-77,-77,-77,-77,-77,-77,-77,-77,-77,-77,-77,-77,-77,-77,-77,-77,-77,-77,-77,-77,-77,-77,-77,-77,-77,-77,-77,-77,-77,-77,-77,-77,-77,-77,-77,-77,-77,-77,-77,-77,-77,-77,-77,-77,-77,-77,-77,-77,-77,-77,-77,-77,-77,-77,-77,-77,-77,-77,-77,-77,-77,-77,-77,-77,-77,-77,-77,-77,-77,-77,-77,-77,-77,-77,-77,-77,-77,-77,-77,-77,-77,-77,-77,-77,-77,-77,-77,-77,-77,-77,-77,-77,-77,-77,-77,-77,-77,-77,-77,-77,-77,-77,-77,-77,-77,-77,-77,-77,-77,-77,-77,-77,-77,-77,-77,-77,-77,-77,-77,-77,-77,-77,-77,-77,-77,-77,-77,-77,-77,-77,-77,-77,-77,-77,-77,-77,-77,-77,-77,-77,-77,-77,-77,-77,-77,-77,-77,-77,-77,-77,-77,-77,-77,-77,-77,-77,-77,-77,-77,-77,-77,-77,-77,-77,-77,-77,-77,-77,-77,-77,-77,-77,-77,-77,-77,-77,-77,-77,-77,-77,-77,-77,-77
312,0,0,31,4178929,-77,2233,1,-99,1,30,6,1,1,1,1,2,2,2,1,2,1,2,1,2,2,2,1,2,2,2,2,1,1,2,1,2,1,2,2,1,2,1,1,2,2,1,1,1,2,1,1,2,1,2,1,1,2,2,2,2,2,2,1,2,2,1,2,1,2,2,1,2,2,1,2,2,1,1,1,2,2,2,2,1,1,1,1,1,2,1,2,1,2,2,2,1,2,1,1,2,1,1,2,2,1,1,1,2,1,2,1,2,1,2,2,1,2,2,1,1,2,1,2,1,1,2,2,2,1,2,1,1,2,2,2,2,2,1,1,2,1,2,2,2,2,1,2,1,2,2,2,2,1,1,1,2,2,2,2,1,1,2,2,2,1,2,2,1,2,1,2,2,2,2,1,1,1,1,2,2,2,1,2,2,1,2,2,1,2,2,2,2,1,1,2,2,1,2,2,2,1,2,1,2,2,2,2,1,2,2,1,1,2,1,2,1,1,1,1,2,2,2,1,2,2,2,1,2,2,1,2,2,2,1,2,1,2,2,2,2,2,2,1,2,2,2,2,2,1,2,2,1,1,2,1,1,2,1,2,2,2,2,2,1,1,1,1,1,1,1,1,2,2,2,2,1,1,1,2,2,2,2,1,1,2,2,2,1,2,2,2,2,1,2,2,1,2,2,2,1,1,2,1,1,1,2,2,2,1,2,1,2,1,1,1,2,2,1,2,1,2,1,1,2,1,1,2,1,1,2,2
313,0,0,31,4178929,-77,1758,2,-99,1,25,6,1,1,1,1,2,2,2,2,1,1,2,1,2,2,2,2,1,2,1,2,1,1,2,2,2,1,1,2,1,2,1,2,2,2,1,2,2,2,1,2,2,1,2,1,1,2,1,2,1,2,2,1,2,2,1,2,1,2,2,2,2,2,1,2,2,1,1,2,1,1,2,2,1,1,1,2,1,2,1,2,2,2,2,2,1,2,1,2,1,1,1,2,2,1,1,1,2,1,2,2,2,1,2,2,1,2,2,2,2,1,1,2,1,1,2,2,1,1,2,2,1,2,2,2,1,2,1,2,1,2,2,2,2,2,2,1,1,2,2,2,1,2,2,2,2,2,1,1,2,1,2,2,2,1,2,1,1,1,2,2,1,1,1,1,1,2,2,2,2,1,2,1,2,2,2,2,1,2,2,1,1,1,2,1,2,1,1,2,1,2,1,2,2,2,2,1,1,2,1,2,2,1,2,1,2,2,1,2,1,2,2,1,2,2,1,2,1,2,2,1,2,2,1,2,2,1,1,1,1,1,1,2,1,1,2,1,2,1,1,2,2,2,2,2,1,2,1,2,2,2,2,2,2,1,1,1,2,2,2,1,2,1,2,2,2,1,1,1,2,1,1,2,1,1,2,2,1,2,1,1,1,2,2,2,2,2,1,2,2,1,2,2,2,1,1,2,1,2,2,1,1,2,2,2,2,2,2,1,1,2,2,2,2,1,2,2,1,1,2,2
314,0,0,31,4178929,-77,2813,1,-99,1,19,6,1,2,1,1,2,2,2,1,1,2,2,1,2,2,1,2,1,2,1,1,2,1,2,2,1,2,2,2,1,2,1,1,2,2,1,1,1,2,1,2,2,1,2,1,1,2,2,1,2,1,2,1,2,2,1,2,1,1,2,2,2,2,1,2,2,1,1,2,1,2,2,2,1,1,2,2,1,2,1,2,2,2,2,2,1,2,1,1,1,1,1,2,2,1,1,1,2,1,1,2,2,1,2,2,1,2,2,2,2,1,1,2,1,1,2,2,1,1,2,2,1,2,2,2,1,2,1,2,2,2,2,2,2,1,2,2,1,1,2,2,1,2,1,2,2,2,1,1,2,2,2,2,2,1,2,1,1,2,1,2,2,2,2,2,2,2,2,2,2,2,2,1,2,2,2,1,2,1,1,1,2,1,2,1,2,2,2,2,2,2,2,2,2,2,1,1,2,2,1,2,1,1,1,1,2,2,1,2,2,2,2,1,2,1,2,2,1,2,2,2,2,2,1,2,2,1,1,2,2,2,2,2,1,1,1,2,1,2,2,2,2,2,1,2,2,2,1,1,2,2,2,2,2,1,2,1,2,1,1,1,2,1,2,2,2,2,2,2,2,1,2,2,1,1,2,1,2,2,1,2,1,2,2,2,1,1,2,1,2,2,2,2,1,1,2,1,1,2,2,2,2,1,1,1,2,2,1,2,2,2,2,2,2,1,2,1,1,2,1,2
317,0,0,22,4178925,-77,164,1,-99,1,21,6,1,1,-77,-77,-77,-77,-77,-77,-77,-77,-77,-77,-77,-77,-77,-77,-77,2,-77,-77,2,-77,-77,-77,-77,-77,-77,-77,-77,-77,-77,-77,-77,-77,-77,-77,1,-77,-77,-77,-77,-77,-77,-77,-77,-77,-77,-77,2,-77,-77,-77,-77,-77,-77,-77,-77,-77,-77,-77,-77,-77,-77,-77,-77,1,-77,2,-77,-77,-77,-77,-77,-77,-77,-77,-77,-77,-77,-77,-77,-77,-77,-77,-77,2,-77,2,-77,2,1,-77,-77,-77,-77,-77,-77,-77,-77,-77,-77,-77,-77,-77,-77,-77,-77,-77,-77,-77,1,-77,-77,-77,-77,-77,-77,-77,-77,-77,-77,-77,-77,-77,-77,-77,-77,-77,-77,2,-77,-77,-77,-77,2,2,-77,-77,-77,2,-77,-77,2,-77,-77,-77,-77,2,-77,-77,-77,-77,-77,-77,-77,-77,-77,-77,-77,2,-77,-77,-77,-77,-77,-77,-77,-77,-77,-77,-77,-77,-77,-77,-77,-77,-77,-77,-77,-77,-77,-77,-77,-77,-77,-77,-77,-77,-77,-77,-77,-77,-77,-77,-77,-77,-77,-77,-77,-77,-77,-77,-77,-77,-77,-77,-77,-77,-77,-77,-77,-77,-77,-77,-77,-77,-77,-77,-77,-77,-77,-77,-77,-77,-77,-77,-77,-77,-77,-77,-77,-77,-77,-77,-77,-77,-77,-77,-77,-77,-77,-77,-77,-77,-77,-77,-77,-77,-77,-77,-77,-77,-77,-77,-77,-77,-77,-77,-77,-77,-77,-77,-77,-77,-77,-77,-77,-77,-77,-77,-77,-77,-77,-77,-77,-77,-77,-77,-77,-77,-77,-77,-77,-77,-77,-77,-77,-77,-77,-77,-77,-77,-77,-77,-77,-77,-77,-77,-77,-77,-77,-77,-77,-77,-77,-77,-77,-77,-77,-77,-77,-77,-77,-77,-77,-77,-77,-77,-77,-77
318,0,0,22,4178927,-77,1203,1,-99,1,21,6,-77,-77,-77,-77,-77,-77,-77,-77,-77,-77,-77,-77,-77,-77,-77,-77,-77,-77,-77,-77,-77,-77,-77,-77,-77,-77,-77,-77,-77,-77,-77,-77,-77,-77,-77,-77,-77,-77,-77,-77,-77,-77,-77,-77,-77,-77,-77,-77,-77,-77,-77,-77,-77,-77,-77,-77,-77,-77,-77,-77,-77,-77,-77,-77,-77,-77,-77,-77,-77,-77,-77,-77,-77,-77,-77,-77,-77,-77,-77,-77,-77,-77,-77,-77,-77,-77,-77,-77,-77,-77,-77,-77,-77,-77,-77,-77,-77,-77,-77,-77,-77,-77,-77,-77,-77,-77,-77,-77,-77,-77,-77,-77,-77,-77,-77,-77,-77,-77,-77,-77,-77,-77,-77,-77,-77,-77,-77,-77,-77,-77,-77,-77,-77,-77,-77,-77,-77,-77,-77,-77,-77,-77,-77,-77,-77,-77,-77,-77,-77,-77,-77,-77,-77,-77,-77,-77,-77,-77,-77,-77,-77,-77,-77,2,-77,-77,-77,-77,-77,1,-77,-77,-77,1,-77,-77,-77,-77,1,1,1,1,-77,-77,-77,-77,2,-77,-77,-77,1,-77,1,2,-77,-77,-77,2,-77,1,-77,1,2,1,1,-77,1,-77,-77,-77,2,1,-77,-77,-77,2,-77,-77,-77,2,-77,2,1,2,2,1,1,-77,2,1,-77,-77,1,-77,-77,2,-77,2,-77,2,2,-77,2,-77,-77,-77,-77,-77,2,1,-77,-77,-77,1,-77,-77,2,-77,-77,2,2,-77,2,2,2,2,1,1,-77,-77,-77,2,1,-77,-77,2,-77,-77,2,-77,-77,-77,2,2,2,2,1,-77,1,1,-77,-77,2,2,2,2,-77,-77,-77,-77,1,1,-77,2,1,1,2,2,-77,-77,-77,2,-77,-77,1,-77,-77,1,-77,2
319,0,0,31,4178929,-77,1690,2,-99,1,22,6,2,1,1,1,2,2,2,1,1,1,2,1,2,2,1,2,1,2,1,1,1,1,1,1,1,1,2,2,1,1,2,2,2,2,2,1,2,2,1,2,2,1,2,1,1,2,1,2,2,1,2,1,2,2,1,2,1,1,2,1,2,2,1,2,1,1,1,1,1,2,2,2,1,1,1,2,1,2,1,2,2,2,2,2,2,2,1,2,2,1,2,2,2,1,1,1,2,1,2,1,2,1,2,2,2,1,1,2,1,1,1,2,1,1,2,2,1,2,1,1,1,2,2,2,2,2,1,1,1,2,2,2,2,1,2,2,1,2,1,1,1,2,2,2,2,2,2,2,2,1,2,2,2,1,1,1,1,2,1,2,1,2,1,1,2,2,2,2,1,1,1,2,2,2,1,2,1,1,1,2,1,1,2,1,2,1,2,2,1,1,2,2,2,2,2,1,1,1,2,2,2,1,2,1,2,2,2,1,2,1,2,1,2,2,1,2,1,1,2,1,2,2,1,2,1,2,1,2,1,2,2,2,1,1,1,2,2,2,2,1,2,2,2,2,1,2,1,1,2,1,1,1,2,1,1,1,2,1,1,1,2,2,2,1,1,1,1,1,1,1,1,1,1,1,2,2,1,2,2,2,1,2,2,2,1,2,1,2,1,1,2,2,2,2,1,2,2,2,1,2,1,2,1,2,1,2,2,1,1,2,2,1,2,1,1,1,1,2,2,1
320,0,0,31,4178929,-77,862,1,-99,1,21,6,1,1,2,2,2,2,2,1,2,1,2,1,1,1,2,1,2,2,2,1,1,2,2,1,2,2,2,2,2,2,2,2,2,2,2,2,2,2,1,2,1,1,2,2,2,2,2,2,2,1,2,2,2,2,1,2,2,2,2,2,2,2,2,2,2,2,2,1,2,1,1,2,1,2,2,2,2,1,2,2,2,2,2,2,2,2,1,1,2,2,2,2,2,2,2,1,2,1,2,2,2,1,1,1,2,2,2,2,2,2,2,1,2,2,2,2,2,1,2,2,1,2,2,2,2,2,1,2,2,2,2,2,2,1,1,2,2,2,2,2,2,2,2,2,2,2,2,2,2,2,2,1,2,2,2,2,2,2,1,2,2,2,2,2,2,1,2,2,2,2,2,2,1,2,1,1,2,2,1,2,1,2,2,2,2,2,1,1,2,2,1,2,2,1,2,2,2,1,2,2,2,2,2,2,1,1,2,2,2,2,2,2,2,2,1,2,1,2,1,2,2,1,1,1,1,2,2,2,1,2,2,1,2,2,2,2,2,2,2,2,2,2,2,2,1,2,1,2,1,2,1,2,2,2,2,2,2,2,1,2,2,2,2,2,2,2,2,2,2,2,2,2,1,1,2,1,2,2,2,1,2,2,1,2,2,2,2,2,2,2,2,1,1,2,2,2,2,2,2,2,1,1,1,2,2,2,2,2,2,2,2,2,2,2,2,2,2,2,2,2
321,0,0,31,4178929,-77,1991,1,-99,1,19,6,1,2,1,1,1,2,1,1,1,1,2,1,2,2,2,2,2,1,1,2,1,1,2,2,1,1,2,2,1,2,1,1,2,2,2,1,1,2,1,2,2,1,2,1,2,2,2,2,1,2,2,1,2,2,1,2,1,2,2,1,2,2,1,2,2,1,1,1,2,1,2,2,1,1,1,1,1,2,1,2,2,2,2,2,1,2,2,2,1,1,1,2,2,1,1,1,2,2,2,2,2,1,2,1,1,2,2,2,2,1,1,2,1,1,2,2,2,1,2,1,1,2,2,2,2,2,1,2,1,2,2,2,2,2,2,2,2,2,1,2,2,1,1,1,2,2,2,1,1,2,1,2,1,2,2,1,2,1,1,2,1,2,1,1,1,2,2,1,1,2,1,1,2,2,1,1,2,1,2,2,1,1,1,2,1,1,2,2,1,2,1,2,1,2,1,2,2,2,2,1,2,2,2,1,2,1,2,1,2,2,2,1,2,2,1,2,1,1,2,1,2,2,1,2,1,2,1,2,2,1,2,2,1,1,1,1,1,1,2,2,2,2,2,2,2,1,1,2,2,2,2,2,2,1,2,2,2,2,2,2,1,2,2,1,2,2,2,1,2,1,1,2,2,1,1,2,2,2,2,2,1,2,2,1,2,2,2,1,1,1,2,2,2,2,1,2,1,2,1,2,2,1,2,2,2,2,2,2,1,2,1,2,1,1,2,2,2,2,2,1
322,0,0,31,4178929,-77,3684,1,-99,1,23,6,2,1,1,1,1,1,1,2,2,2,1,2,2,1,2,2,1,2,2,2,1,1,2,1,1,2,2,1,2,2,1,2,2,2,1,2,1,2,2,1,2,1,2,1,1,2,2,1,1,2,2,1,2,2,1,2,1,2,2,2,2,2,1,2,1,1,1,1,2,1,2,2,1,1,1,2,1,2,1,1,2,2,2,2,1,2,1,2,2,2,1,2,2,1,2,1,2,2,2,1,2,1,2,2,1,1,2,2,2,1,1,2,1,1,2,2,1,2,1,2,1,2,2,2,1,2,1,2,1,2,1,1,1,1,1,1,1,1,2,2,1,2,1,2,2,1,2,2,2,2,2,2,2,1,2,2,1,2,1,1,2,2,2,1,2,1,2,2,2,1,1,2,2,1,2,2,2,2,2,2,2,1,2,1,2,2,1,1,1,2,2,2,2,2,1,1,1,2,1,1,2,1,2,1,1,2,2,1,1,1,2,1,2,2,2,2,1,1,1,2,2,2,1,2,1,2,2,2,2,2,2,2,1,1,2,2,2,2,1,2,2,2,2,2,1,1,2,1,1,1,1,2,2,1,1,2,2,1,1,2,2,1,2,2,2,2,2,2,1,1,1,2,1,1,2,2,1,2,2,1,1,2,2,2,2,1,2,2,2,2,1,1,2,1,2,1,1,2,2,2,2,2,1,2,2,2,1,2,1,1,2,2,2,1,2,2,2,2,1,2
324,0,0,22,4178925,-77,-1,2,-99,1,30,6,-77,-77,1,-77,2,-77,-77,-77,-77,-77,2,1,2,-77,-77,-77,1,1,-77,-77,-77,-77,-77,1,-77,-77,-77,-77,-77,-77,1,-77,2,-77,-77,-77,-77,-77,-77,1,-77,1,-77,-77,-77,-77,-77,2,2,2,2,-77,2,-77,-77,-77,-77,1,-77,-77,2,2,-77,-77,-77,-77,-77,1,-77,-77,2,2,1,-77,-77,2,1,-77,-77,-77,2,-77,-77,-77,-77,1,1,-77,-77,-77,-77,-77,-77,-77,1,-77,2,1,-77,-77,-77,-77,-77,-77,-77,-77,1,2,2,2,-77,2,-77,1,2,-77,-77,-77,2,-77,-77,-77,-77,-77,-77,2,-77,-77,2,-77,-77,-77,2,-77,-77,1,-77,1,-77,2,2,-77,2,1,-77,-77,-77,2,-77,2,-77,-77,-77,-77,-77,-77,-77,1,-77,2,-77,-77,-77,-77,-77,-77,-77,-77,-77,-77,-77,-77,-77,-77,-77,-77,-77,-77,-77,-77,-77,-77,-77,-77,-77,-77,-77,-77,-77,-77,-77,-77,-77,-77,-77,-77,-77,-77,-77,-77,-77,-77,-77,-77,-77,-77,-77,-77,-77,-77,-77,-77,-77,-77,-77,-77,-77,-77,-77,-77,-77,-77,-77,-77,-77,-77,-77,-77,-77,-77,-77,-77,-77,-77,-77,-77,-77,-77,-77,-77,-77,-77,-77,-77,-77,-77,-77,-77,-77,-77,-77,-77,-77,-77,-77,-77,-77,-77,-77,-77,-77,-77,-77,-77,-77,-77,-77,-77,-77,-77,-77,-77,-77,-77,-77,-77,-77,-77,-77,-77,-77,-77,-77,-77,-77,-77,-77,-77,-77,-77,-77,-77,-77,-77,-77,-77,-77,-77,-77,-77,-77,-77,-77,-77,-77,-77,-77,-77,-77,-77,-77,-77,-77,-77,-77,-77,-77,-77,-77,-77
326,0,0,31,4178929,-77,2524,1,-99,1,21,6,1,1,1,1,2,2,2,1,1,1,2,1,2,2,2,1,2,1,2,2,1,1,2,2,1,1,2,2,1,2,2,2,1,2,2,1,1,2,1,1,1,1,2,1,2,2,1,1,2,2,2,1,2,2,1,2,1,2,2,1,2,2,1,2,2,2,1,2,1,2,2,2,1,1,1,2,1,2,2,1,2,2,2,2,1,2,1,1,1,1,1,2,2,1,2,1,2,1,1,2,2,1,2,2,1,1,2,2,2,1,1,2,1,1,2,2,2,1,1,1,1,2,2,2,2,2,1,2,2,2,2,2,2,2,1,1,1,2,2,1,1,1,1,2,2,1,2,2,2,2,2,2,2,1,1,2,1,1,1,2,2,2,1,1,2,2,2,2,1,2,2,1,2,2,1,1,1,2,1,1,1,1,2,2,1,1,1,1,1,2,1,2,1,2,2,1,1,2,1,1,2,1,2,1,1,2,1,2,2,1,2,1,2,2,1,2,1,2,2,2,2,2,1,2,2,1,1,2,1,2,2,2,1,1,1,2,2,1,1,2,2,2,2,2,2,2,1,2,2,2,1,2,2,1,2,1,1,1,1,1,2,1,2,2,2,2,2,2,1,1,1,2,1,1,2,2,1,2,1,2,1,2,2,2,2,2,1,2,2,2,2,2,2,2,2,2,2,2,1,2,1,2,2,2,2,1,2,2,2,2,2,2,2,1,2,2,1,2,2,1
328,0,0,31,4178929,-77,1733,2,-99,1,29,6,2,2,2,2,2,2,2,2,2,2,2,2,2,2,2,1,2,2,2,2,2,2,2,1,2,2,2,2,2,2,2,2,2,2,2,2,2,2,2,2,2,2,2,2,2,2,2,2,2,2,2,2,2,2,2,2,2,2,2,2,2,1,2,2,2,2,2,2,2,2,2,2,2,2,2,2,2,2,2,2,2,2,2,2,2,2,2,2,2,2,2,2,2,2,2,2,2,2,2,2,2,2,2,2,2,2,2,2,2,2,2,2,2,2,2,2,2,2,2,2,2,2,2,2,2,2,2,2,2,2,2,2,2,2,2,2,2,2,1,2,2,2,2,2,2,2,2,2,2,2,2,2,2,2,2,2,2,2,2,2,2,2,2,2,2,2,2,2,2,2,2,2,1,2,1,2,2,2,2,2,2,2,1,1,2,1,2,2,2,2,2,2,2,2,2,1,2,1,2,2,2,2,2,1,2,2,2,2,2,2,2,2,1,1,1,1,2,2,2,2,2,1,2,2,2,2,2,2,2,1,2,2,1,1,2,1,2,2,2,2,2,2,2,2,2,2,2,1,2,2,2,2,1,2,2,2,2,1,1,2,2,2,2,1,2,2,1,2,2,2,2,2,2,2,2,2,1,2,2,2,2,2,2,2,2,2,2,2,2,1,2,2,2,2,1,2,2,2,2,2,2,2,2,2,2,2,2,2,2,2,2,2,2,1,1,2,2,2,1,1
329,0,0,31,4178929,-77,1312,1,-99,1,21,6,1,1,1,1,2,2,2,1,1,2,2,1,2,2,1,1,1,2,1,2,1,1,2,1,2,1,2,1,1,1,1,2,2,2,1,1,1,1,1,2,2,1,2,1,1,2,1,1,2,2,2,1,2,2,1,2,1,1,2,1,2,2,1,2,2,2,1,2,2,1,2,2,1,1,1,2,1,1,1,2,2,2,2,2,1,2,1,1,1,2,1,2,2,1,1,2,2,1,1,2,2,1,2,2,1,2,1,2,2,2,2,1,2,2,2,1,1,1,1,1,1,2,2,2,2,2,1,2,2,1,2,2,2,2,2,1,2,2,1,2,1,2,2,2,2,1,2,2,2,2,2,2,2,1,2,2,1,2,1,2,2,1,2,1,1,2,1,2,1,2,1,2,2,1,1,1,1,2,1,1,1,1,1,2,2,2,2,1,1,2,2,1,1,1,2,1,2,1,2,2,2,1,2,1,2,2,1,2,1,1,2,1,2,2,1,2,2,1,2,2,2,2,1,2,2,1,2,1,1,2,2,1,1,1,2,1,1,2,2,1,2,2,2,2,2,1,2,2,2,1,1,2,2,1,1,2,2,1,2,2,2,1,2,2,2,2,1,2,2,2,2,2,2,2,2,1,2,2,1,1,1,2,2,2,2,2,1,2,2,2,2,2,2,2,2,1,1,1,2,1,1,2,2,2,2,2,2,2,1,1,2,2,2,1,2,1,1,1,1,2
331,0,0,31,4178929,-77,2814,1,-99,2,37,6,2,1,1,1,2,2,2,1,1,1,1,1,2,2,2,1,1,1,1,1,1,1,2,1,1,1,2,1,1,2,1,2,2,2,1,1,1,1,1,1,2,1,2,1,1,1,1,2,1,1,2,1,2,2,1,2,1,1,1,1,2,2,1,2,1,1,1,2,1,1,2,2,1,1,1,2,1,1,1,1,2,2,2,2,1,1,1,1,2,2,1,2,1,2,1,1,2,1,1,1,2,1,2,1,2,2,1,1,2,1,1,2,1,1,1,2,1,1,1,2,1,2,2,2,2,2,1,1,1,2,2,2,2,2,2,1,1,2,1,2,1,2,2,2,2,1,2,1,1,1,2,2,2,1,2,1,1,2,2,2,2,2,2,2,1,1,1,2,2,2,1,2,1,1,2,2,2,2,2,2,2,1,2,1,2,2,1,2,2,1,1,1,2,2,1,2,2,2,2,2,2,1,2,1,1,2,1,1,2,1,2,1,2,2,1,2,1,1,1,2,2,2,1,2,2,2,2,2,2,1,1,1,1,2,1,1,2,2,2,2,2,2,2,2,1,2,1,1,2,2,2,2,1,2,2,1,2,1,2,2,2,1,2,2,1,1,2,2,2,1,2,1,2,2,2,2,1,1,1,2,1,2,2,2,2,2,1,1,1,2,2,1,1,2,2,2,1,2,2,1,2,2,2,2,2,1,2,2,2,1,2,2,2,1,1,2,1,1,1,2
332,0,0,31,4178929,-77,1981,1,-99,1,24,6,1,1,1,1,2,2,2,1,2,2,2,1,2,2,1,2,1,2,1,1,1,1,2,1,1,1,2,2,2,2,2,2,2,2,2,2,1,2,2,1,2,1,2,1,2,2,1,1,2,1,2,1,2,2,1,2,1,1,1,2,2,2,1,2,2,1,1,2,1,2,2,2,1,1,1,2,1,2,1,2,2,2,2,2,2,2,1,1,2,2,1,2,2,1,1,1,2,1,1,2,2,1,2,2,2,2,2,1,2,1,1,2,1,1,2,2,1,1,1,2,1,2,2,2,2,2,1,2,1,2,2,2,2,2,2,2,2,2,1,2,1,2,2,2,2,1,2,2,2,2,2,2,2,1,2,1,1,2,1,2,2,2,2,2,2,2,2,2,1,2,1,2,1,1,2,2,2,2,2,2,1,1,2,2,1,2,2,1,1,2,1,2,2,2,1,2,1,2,1,2,2,1,2,1,1,2,1,2,2,2,2,1,2,2,1,2,1,2,2,1,2,2,1,2,2,1,1,2,2,1,2,2,1,1,1,2,1,2,1,2,2,2,2,2,2,2,1,2,2,1,1,2,2,1,1,1,2,2,2,2,2,1,2,2,2,2,1,1,2,1,1,2,1,1,2,2,1,2,2,2,1,2,2,2,2,2,1,2,1,2,2,2,2,2,2,1,1,2,1,2,1,2,2,2,2,1,2,2,1,2,2,2,2,1,2,2,1,2,2,2
333,0,0,22,4178922,-77,-1,1,-99,1,21,6,-77,-77,-77,-77,-77,-77,-77,-77,-77,-77,-77,-77,-77,-77,-77,-77,-77,-77,-77,-77,-77,-77,-77,-77,-77,-77,-77,-77,-77,-77,-77,-77,-77,-77,-77,-77,-77,-77,-77,-77,-77,-77,-77,-77,-77,-77,-77,-77,-77,-77,-77,-77,-77,-77,-77,-77,-77,-77,-77,-77,-77,-77,-77,-77,-77,-77,-77,-77,-77,-77,-77,-77,-77,-77,-77,-77,-77,-77,-77,-77,-77,-77,-77,-77,-77,-77,-77,-77,-77,-77,-77,-77,-77,-77,-77,-77,-77,-77,-77,-77,-77,-77,-77,-77,-77,-77,-77,-77,-77,-77,-77,-77,-77,-77,-77,-77,-77,-77,-77,-77,-77,-77,-77,-77,-77,-77,-77,-77,-77,-77,-77,-77,-77,-77,-77,-77,-77,-77,-77,-77,-77,-77,-77,-77,-77,-77,-77,-77,-77,-77,-77,-77,-77,-77,-77,-77,-77,-77,-77,-77,-77,-77,-77,-77,-77,-77,-77,-77,-77,-77,-77,-77,-77,-77,-77,-77,-77,-77,-77,-77,-77,-77,-77,-77,-77,-77,-77,-77,-77,-77,-77,-77,-77,-77,-77,-77,-77,-77,-77,-77,-77,-77,-77,-77,-77,-77,-77,-77,-77,-77,-77,-77,-77,-77,-77,-77,-77,-77,-77,-77,-77,-77,-77,-77,-77,-77,-77,-77,-77,-77,-77,-77,-77,-77,-77,-77,-77,-77,-77,-77,-77,-77,-77,-77,-77,-77,-77,-77,-77,-77,-77,-77,-77,-77,-77,-77,-77,-77,-77,-77,-77,-77,-77,-77,-77,-77,-77,-77,-77,-77,-77,-77,-77,-77,-77,-77,-77,-77,-77,-77,-77,-77,-77,-77,-77,-77,-77,-77,-77,-77,-77,-77,-77,-77,-77,-77,-77,-77,-77,-77,-77,-77,-77,-77,-77,-77,-77,-77,-77,-77,-77,-77,-77,-77,-77,-77,-77,-77,-77,-77
334,0,0,22,4212269,-77,0,-77,-66,-77,-66,-77,-77,-77,-77,-77,-77,-77,-77,-77,-77,-77,-77,-77,-77,-77,-77,-77,-77,-77,-77,-77,-77,-77,-77,-77,-77,-77,-77,-77,-77,-77,-77,-77,-77,-77,-77,-77,-77,-77,-77,-77,-77,-77,-77,-77,-77,-77,-77,-77,-77,-77,-77,-77,-77,-77,-77,-77,-77,-77,-77,-77,-77,-77,-77,-77,-77,-77,-77,-77,-77,-77,-77,-77,-77,-77,-77,-77,-77,-77,-77,-77,-77,-77,-77,-77,-77,-77,-77,-77,-77,-77,-77,-77,-77,-77,-77,-77,-77,-77,-77,-77,-77,-77,-77,-77,-77,-77,-77,-77,-77,-77,-77,-77,-77,-77,-77,-77,-77,-77,-77,-77,-77,-77,-77,-77,-77,-77,-77,-77,-77,-77,-77,-77,-77,-77,-77,-77,-77,-77,-77,-77,-77,-77,-77,-77,-77,-77,-77,-77,-77,-77,-77,-77,-77,-77,-77,-77,-77,-77,-77,-77,-77,-77,-77,-77,-77,-77,-77,-77,-77,-77,-77,-77,-77,-77,-77,-77,-77,-77,-77,-77,-77,-77,-77,-77,-77,-77,-77,-77,-77,-77,-77,-77,-77,-77,-77,-77,-77,-77,-77,-77,-77,-77,-77,-77,-77,-77,-77,-77,-77,-77,-77,-77,-77,-77,-77,-77,-77,-77,-77,-77,-77,-77,-77,-77,-77,-77,-77,-77,-77,-77,-77,-77,-77,-77,-77,-77,-77,-77,-77,-77,-77,-77,-77,-77,-77,-77,-77,-77,-77,-77,-77,-77,-77,-77,-77,-77,-77,-77,-77,-77,-77,-77,-77,-77,-77,-77,-77,-77,-77,-77,-77,-77,-77,-77,-77,-77,-77,-77,-77,-77,-77,-77,-77,-77,-77,-77,-77,-77,-77,-77,-77,-77,-77,-77,-77,-77,-77,-77,-77,-77,-77,-77,-77,-77,-77,-77,-77,-77,-77,-77,-77,-77,-77,-77,-77,-77,-77,-77,-77,-77
335,0,0,31,4178929,-77,1850,1,-99,1,20,6,1,1,1,1,2,2,2,2,1,1,2,1,2,2,1,2,1,1,2,1,1,1,2,2,1,1,1,1,2,1,1,1,2,2,1,1,1,2,2,1,2,1,2,1,1,2,1,1,2,2,2,1,2,2,2,2,1,2,2,2,2,2,1,2,2,2,1,2,1,2,2,2,1,1,1,2,1,2,1,2,2,2,2,2,1,1,1,2,1,1,1,2,2,1,1,1,2,1,1,2,2,1,2,2,1,2,1,1,1,1,1,2,1,1,2,2,1,2,2,2,1,2,2,2,1,1,1,2,2,2,2,2,1,2,2,2,2,1,2,2,2,1,1,1,2,2,1,1,2,2,2,2,2,1,1,1,2,1,2,2,2,2,2,2,2,2,2,1,1,1,2,2,1,2,1,1,1,1,2,2,1,1,2,1,1,1,1,2,1,1,2,1,1,2,1,1,2,2,1,2,2,1,2,1,1,2,1,2,2,1,2,1,2,2,1,2,1,2,2,2,2,2,1,2,2,1,1,1,1,2,2,2,1,1,1,2,1,2,1,2,1,1,2,2,2,1,2,2,2,2,2,2,2,1,2,1,2,2,1,2,2,2,2,2,2,2,1,1,2,1,1,2,1,1,2,2,1,2,2,1,1,2,2,2,2,2,2,2,1,2,2,1,2,2,1,1,1,1,2,1,2,1,1,1,2,1,2,1,2,2,2,1,2,1,2,1,2,1,2,2
336,0,0,22,4212269,-77,0,-77,-66,-77,-66,-77,-77,-77,-77,-77,-77,-77,-77,-77,-77,-77,-77,-77,-77,-77,-77,-77,-77,-77,-77,-77,-77,-77,-77,-77,-77,-77,-77,-77,-77,-77,-77,-77,-77,-77,-77,-77,-77,-77,-77,-77,-77,-77,-77,-77,-77,-77,-77,-77,-77,-77,-77,-77,-77,-77,-77,-77,-77,-77,-77,-77,-77,-77,-77,-77,-77,-77,-77,-77,-77,-77,-77,-77,-77,-77,-77,-77,-77,-77,-77,-77,-77,-77,-77,-77,-77,-77,-77,-77,-77,-77,-77,-77,-77,-77,-77,-77,-77,-77,-77,-77,-77,-77,-77,-77,-77,-77,-77,-77,-77,-77,-77,-77,-77,-77,-77,-77,-77,-77,-77,-77,-77,-77,-77,-77,-77,-77,-77,-77,-77,-77,-77,-77,-77,-77,-77,-77,-77,-77,-77,-77,-77,-77,-77,-77,-77,-77,-77,-77,-77,-77,-77,-77,-77,-77,-77,-77,-77,-77,-77,-77,-77,-77,-77,-77,-77,-77,-77,-77,-77,-77,-77,-77,-77,-77,-77,-77,-77,-77,-77,-77,-77,-77,-77,-77,-77,-77,-77,-77,-77,-77,-77,-77,-77,-77,-77,-77,-77,-77,-77,-77,-77,-77,-77,-77,-77,-77,-77,-77,-77,-77,-77,-77,-77,-77,-77,-77,-77,-77,-77,-77,-77,-77,-77,-77,-77,-77,-77,-77,-77,-77,-77,-77,-77,-77,-77,-77,-77,-77,-77,-77,-77,-77,-77,-77,-77,-77,-77,-77,-77,-77,-77,-77,-77,-77,-77,-77,-77,-77,-77,-77,-77,-77,-77,-77,-77,-77,-77,-77,-77,-77,-77,-77,-77,-77,-77,-77,-77,-77,-77,-77,-77,-77,-77,-77,-77,-77,-77,-77,-77,-77,-77,-77,-77,-77,-77,-77,-77,-77,-77,-77,-77,-77,-77,-77,-77,-77,-77,-77,-77,-77,-77,-77,-77,-77,-77,-77,-77,-77,-77,-77
337,0,0,31,4178929,-77,3054,1,-99,1,18,6,2,1,1,2,1,2,2,1,2,1,2,1,2,2,2,1,1,1,1,2,1,1,2,1,2,2,2,2,2,2,1,2,2,2,2,2,1,2,1,2,2,1,2,1,2,2,1,2,2,2,2,1,2,2,1,2,1,2,1,1,2,2,1,2,1,2,1,2,1,2,2,2,1,1,1,2,1,2,1,1,2,2,2,2,1,2,1,2,2,1,1,2,2,1,2,1,2,1,2,2,2,1,2,2,2,2,2,1,2,1,2,2,1,2,2,1,1,1,1,1,1,2,2,2,2,2,1,1,1,1,2,2,1,1,1,2,2,1,2,1,1,2,2,2,1,1,2,1,2,2,2,1,1,2,1,1,2,2,1,2,1,1,1,1,2,2,1,2,1,1,2,1,2,2,2,1,2,2,1,1,1,1,2,1,1,2,1,1,1,1,1,2,1,1,1,1,1,2,1,1,2,1,2,1,1,1,1,2,2,2,2,1,2,2,1,2,1,1,1,1,2,2,1,1,1,1,1,2,1,1,2,2,1,1,2,2,2,2,1,1,1,2,2,2,1,2,2,2,2,1,1,2,2,1,2,1,2,2,1,1,1,2,1,1,1,1,1,2,2,2,1,2,2,1,2,1,2,2,1,1,1,2,2,2,2,2,1,1,2,1,2,2,2,2,2,1,2,1,1,1,1,2,2,2,2,1,2,2,1,2,2,1,1,1,1,1,1,2,2,2
338,0,0,31,4178929,-77,2615,2,-99,1,30,6,1,1,1,1,2,2,2,2,2,2,1,2,1,1,2,1,1,2,1,2,2,2,1,2,1,1,2,2,1,2,2,2,1,2,2,2,1,2,1,2,2,1,2,1,1,1,1,1,1,1,2,1,2,2,1,2,1,1,1,1,1,1,2,1,2,1,1,1,1,2,2,2,1,1,1,2,1,1,1,2,2,2,2,2,2,2,2,1,2,2,1,2,2,1,1,1,2,1,1,2,2,1,2,2,2,1,2,2,2,1,1,2,1,1,2,2,1,1,1,2,1,1,1,1,1,1,2,1,2,2,1,1,1,1,1,1,1,1,2,1,1,2,2,2,2,1,2,1,2,2,2,2,2,1,2,2,1,2,1,2,1,1,1,1,2,2,2,2,1,1,1,2,1,1,2,1,1,2,1,1,2,2,1,2,2,1,1,2,1,1,2,2,2,2,2,1,1,2,1,1,2,1,2,1,1,2,1,1,1,1,2,1,2,2,1,2,1,1,2,1,1,1,2,1,2,1,1,1,1,2,2,2,1,1,1,1,2,1,1,2,2,2,2,2,2,1,2,2,2,2,1,2,1,1,2,1,2,1,1,2,2,1,2,2,2,2,2,2,1,1,1,2,1,1,2,2,1,1,1,2,1,1,1,1,1,1,2,2,1,1,1,1,1,1,1,2,2,2,1,2,1,2,2,2,2,2,2,2,2,2,2,2,2,1,2,1,1,2,2,2
339,0,0,31,4178929,-77,2265,1,-99,1,25,6,1,1,1,1,2,2,2,2,1,2,2,1,2,2,1,2,1,2,1,1,1,1,2,1,1,1,2,1,1,2,1,1,2,1,2,1,1,1,1,2,2,1,2,1,1,2,2,2,2,2,2,1,2,2,1,2,1,2,1,1,2,2,1,2,2,1,1,2,2,2,2,2,1,1,1,2,1,2,1,1,2,2,2,2,1,2,2,2,1,1,1,2,2,1,1,1,2,1,2,1,2,1,2,2,2,2,2,1,1,1,1,2,1,1,2,2,1,1,2,2,1,2,2,2,2,1,1,2,2,2,2,2,2,2,2,2,2,2,2,2,2,2,2,2,2,2,1,1,2,2,2,2,2,1,1,1,1,1,1,2,1,1,1,2,2,2,2,1,1,1,2,2,1,1,2,2,1,1,2,1,1,1,2,1,2,1,1,2,1,1,1,1,2,2,2,2,1,2,1,1,2,1,2,1,1,2,1,2,2,2,2,1,2,2,1,2,1,2,2,1,2,2,1,2,2,1,1,1,1,1,2,2,1,1,2,1,1,2,1,1,2,2,2,2,2,2,2,1,2,2,2,2,2,1,1,1,1,1,1,1,2,1,2,2,1,2,2,1,1,1,1,2,1,1,2,2,1,1,2,2,1,2,1,1,2,1,2,2,1,2,2,2,2,2,2,1,1,2,2,2,2,1,1,1,1,1,1,2,2,1,2,2,2,1,2,2,2,2,1,1
343,0,0,31,4178929,-77,2103,1,-99,1,20,6,1,1,1,1,2,2,2,1,2,1,2,1,2,2,1,2,1,1,1,1,1,1,2,1,2,2,2,2,1,2,2,2,2,2,2,1,1,2,1,1,2,1,2,1,1,2,1,1,2,1,2,1,2,2,1,2,1,2,2,1,2,2,1,2,2,1,1,1,1,2,2,2,1,1,1,2,1,1,1,1,2,2,2,2,1,2,1,2,2,2,1,2,2,1,1,1,2,1,1,1,2,1,2,2,1,2,1,2,1,2,1,2,1,1,2,2,1,2,1,1,1,2,2,2,2,1,1,2,1,2,2,2,2,2,2,2,1,2,1,2,1,1,2,2,1,1,2,2,2,2,2,2,2,1,2,2,1,1,1,2,1,1,1,1,2,2,2,2,1,2,1,1,2,1,1,2,1,1,1,2,1,1,1,1,1,2,1,2,1,1,1,2,2,2,1,1,1,2,2,1,2,1,2,1,1,2,1,2,2,2,2,1,2,2,1,2,1,2,1,1,2,2,1,2,2,1,1,1,1,2,2,2,1,1,1,2,1,2,1,2,2,2,2,2,2,2,1,1,2,1,1,1,2,1,2,1,2,1,1,1,2,1,2,2,2,1,2,2,1,1,1,2,2,2,2,2,1,2,1,1,1,2,2,2,2,2,2,2,1,2,2,2,2,2,1,1,2,2,2,2,1,2,2,2,2,2,1,1,2,2,2,2,2,2,2,2,2,1,2,2
345,0,0,31,4178929,-77,1748,1,-99,1,27,6,1,2,1,1,2,2,2,1,1,2,2,1,2,2,2,1,1,1,2,1,1,1,2,1,1,1,2,2,1,2,2,2,2,2,2,1,1,2,1,1,2,1,2,1,1,2,1,2,2,2,2,1,2,2,1,2,1,2,2,1,2,2,1,2,2,1,1,2,1,2,2,2,1,1,1,2,1,2,1,2,2,2,2,2,1,1,1,1,2,2,1,2,2,1,1,1,2,1,1,1,2,2,2,1,2,2,2,2,2,1,1,2,1,1,2,2,1,2,2,2,1,2,2,2,1,2,2,1,1,2,2,2,2,2,2,2,1,1,2,2,1,2,2,2,2,2,2,1,1,2,2,2,2,2,2,2,2,1,2,2,1,1,1,1,2,2,2,1,2,2,2,2,2,2,1,1,1,1,1,1,1,1,2,1,2,2,2,2,1,2,1,1,2,2,2,1,1,2,1,2,1,1,2,1,1,2,2,2,2,2,2,1,2,2,1,2,1,1,2,2,2,2,1,2,2,1,1,2,2,2,2,1,1,1,1,2,2,2,2,2,2,2,2,2,2,2,1,1,1,1,1,2,2,1,1,1,2,1,1,2,1,2,1,1,2,2,2,2,2,1,1,2,1,1,2,2,1,2,2,2,1,2,2,2,2,2,1,1,2,1,2,2,2,1,2,1,1,2,1,2,2,2,1,2,1,2,2,1,1,1,2,1,1,2,2,2,2,1,2,2
347,0,0,31,4178929,-77,2565,1,-99,1,37,6,1,1,1,1,2,2,2,1,1,1,2,1,2,2,1,2,1,2,1,2,1,1,2,1,1,2,1,1,2,1,2,2,2,2,2,1,1,1,1,1,2,1,2,1,2,1,1,1,1,1,2,1,2,2,1,2,1,2,2,1,2,2,1,2,2,1,1,2,1,2,2,2,1,1,1,2,1,2,1,2,2,2,2,2,1,2,1,2,1,1,1,2,2,1,1,1,2,1,2,2,2,1,2,2,1,1,2,1,2,1,1,1,2,2,2,2,1,1,2,1,1,2,2,2,2,2,1,2,1,2,2,2,2,2,2,2,1,2,1,1,1,2,2,2,1,2,1,2,2,2,2,2,2,1,2,2,1,2,1,2,1,1,1,1,2,2,2,2,1,2,1,1,2,2,1,2,1,1,2,1,1,1,2,1,1,2,1,2,1,1,1,1,2,2,1,1,1,2,1,1,2,1,2,1,1,2,1,2,2,1,2,1,2,2,1,2,1,2,2,1,2,2,1,2,2,1,1,2,1,2,2,2,1,1,1,2,1,1,1,2,2,2,2,2,1,2,1,1,1,2,1,2,2,1,2,1,2,1,1,2,2,1,2,2,1,1,2,1,2,1,2,1,2,2,2,2,2,1,2,1,1,2,2,2,2,1,1,1,1,2,1,2,1,1,2,1,1,1,2,2,2,1,1,1,2,2,2,2,1,2,2,2,2,1,2,2,1,1,1,2
348,0,0,31,4178929,-77,2251,1,-99,1,27,6,1,2,1,2,2,2,2,2,2,2,2,1,2,2,1,2,2,2,2,2,1,1,2,1,2,2,2,2,2,2,2,1,2,2,2,2,2,2,2,2,2,1,2,1,2,2,2,2,2,2,2,1,2,2,1,2,1,2,1,1,2,2,1,2,2,1,1,2,2,2,2,2,2,1,2,2,2,2,2,2,2,2,2,2,2,2,2,2,2,2,1,2,2,1,2,1,2,1,1,2,2,1,2,2,2,1,2,2,2,2,1,2,1,1,2,2,1,2,1,2,1,2,2,2,2,2,1,2,1,2,1,1,2,1,2,2,2,1,2,2,2,1,2,2,2,2,2,2,2,1,2,2,2,1,2,1,2,1,2,2,1,2,1,1,2,2,2,1,2,1,2,1,2,2,1,2,1,2,2,2,1,1,2,1,2,1,1,2,2,2,2,2,2,2,1,1,2,2,1,2,1,1,2,1,2,2,1,2,2,2,2,2,2,2,1,2,2,2,2,2,2,2,1,2,2,1,1,1,1,2,2,2,1,1,1,2,1,2,2,2,2,2,2,2,1,2,2,1,2,2,2,2,2,1,2,2,2,2,2,2,2,1,1,2,1,2,1,2,2,2,2,2,1,1,2,2,1,2,2,2,1,2,2,2,2,2,1,2,1,2,2,2,2,2,2,1,2,2,2,2,2,1,1,1,2,2,2,1,2,2,2,2,2,1,2,2,2,1,1,2
349,0,0,31,4178929,-77,1274,1,-99,1,25,6,2,1,1,2,2,2,2,1,2,2,2,1,2,2,1,2,2,2,2,2,2,1,2,2,1,2,2,2,1,2,2,2,1,2,2,2,2,2,1,2,2,1,2,1,1,2,1,2,2,2,2,1,2,2,1,2,2,2,1,2,2,2,1,2,2,2,2,2,2,2,2,2,1,2,2,2,2,2,2,2,2,2,2,2,2,2,2,2,2,2,1,2,2,1,2,2,2,2,2,2,2,1,2,2,2,2,2,2,2,2,2,2,2,2,2,2,1,2,2,2,2,2,2,2,2,2,1,2,2,2,2,2,2,2,2,2,2,2,2,2,1,2,2,2,2,2,2,2,2,2,2,2,2,1,2,2,1,1,2,2,2,1,2,2,2,2,2,2,1,2,2,1,2,2,1,2,2,2,1,2,1,1,2,2,2,2,2,2,2,2,2,2,2,2,2,1,1,2,2,1,2,1,2,1,1,2,1,2,2,2,2,1,2,2,1,2,2,2,2,2,2,2,1,2,2,2,2,2,2,2,2,2,1,2,2,2,2,2,2,2,2,2,2,2,2,2,2,2,2,2,1,2,2,1,1,2,2,2,2,2,2,1,2,2,2,2,2,2,2,2,1,2,2,2,2,2,2,1,2,1,1,2,2,2,2,2,1,2,2,2,2,2,2,2,2,1,2,2,2,2,1,2,2,2,2,2,2,2,2,2,2,2,2,1,1,2,2,2,2,2
350,0,0,31,4178929,-77,2130,1,-99,1,19,6,1,1,1,1,2,2,2,2,2,2,2,1,2,2,1,2,2,1,1,1,1,1,2,1,1,1,2,1,1,2,1,2,2,2,2,1,1,2,1,2,2,1,2,1,1,2,1,2,2,1,2,1,2,2,1,2,1,2,2,2,2,2,1,2,2,1,1,1,1,1,2,2,1,1,1,1,1,2,2,1,2,2,2,2,2,2,1,2,2,1,1,2,2,1,1,1,2,1,2,2,2,1,2,2,1,1,2,2,2,1,1,2,1,1,2,2,1,2,2,2,1,2,2,2,2,2,1,1,1,2,2,2,2,2,2,1,1,2,2,1,1,1,1,2,2,2,2,1,2,2,2,2,2,1,2,2,1,2,1,2,1,1,2,1,2,2,2,2,2,1,2,1,2,2,1,2,1,2,1,1,1,1,1,2,1,2,1,2,1,2,1,2,2,2,2,1,1,1,1,1,1,2,2,2,2,2,1,2,2,2,2,1,2,2,1,2,1,1,1,1,2,2,1,2,1,1,2,1,2,2,1,2,1,1,1,2,1,1,1,2,2,2,1,2,1,2,2,2,1,2,1,2,2,1,2,1,1,1,2,1,2,1,2,2,1,1,2,2,2,1,1,2,1,1,2,2,1,1,1,1,1,2,2,2,1,2,2,2,2,2,2,2,2,2,2,2,1,1,1,2,1,2,1,1,1,1,1,1,2,2,2,2,2,1,2,2,1,1,1,1
351,0,0,22,4178927,-77,68,2,-99,1,21,6,-77,-77,-77,-77,-77,-77,-77,-77,-77,-77,-77,-77,-77,-77,-77,-77,-77,-77,-77,-77,-77,-77,-77,-77,-77,-77,-77,-77,-77,-77,-77,-77,-77,-77,-77,-77,-77,-77,-77,-77,-77,-77,-77,-77,-77,-77,-77,-77,-77,-77,-77,-77,-77,-77,-77,-77,-77,-77,-77,-77,-77,-77,-77,-77,-77,-77,-77,-77,-77,-77,-77,-77,-77,-77,-77,-77,-77,-77,-77,-77,-77,-77,-77,-77,-77,-77,-77,-77,-77,-77,-77,-77,-77,-77,-77,-77,-77,-77,-77,-77,-77,-77,-77,-77,-77,-77,-77,-77,-77,-77,-77,-77,-77,-77,-77,-77,-77,-77,-77,-77,-77,-77,-77,-77,-77,-77,-77,-77,-77,-77,-77,-77,-77,-77,-77,-77,-77,-77,-77,-77,-77,-77,-77,-77,-77,-77,-77,-77,-77,-77,-77,-77,-77,-77,-77,-77,-77,-77,-77,-77,-77,-77,-77,-77,-77,-77,-77,-77,-77,-77,-77,-77,-77,-77,-77,-77,-77,-77,-77,-77,-77,-77,-77,-77,-77,-77,-77,-77,-77,-77,-77,-77,-77,-77,-77,-77,-77,-77,1,-77,-77,-77,-77,-77,-77,-77,-77,-77,-77,-77,-77,-77,-77,-77,-77,-77,-77,1,-77,-77,-77,-77,-77,-77,-77,-77,-77,-77,-77,-77,-77,-77,-77,-77,-77,-77,-77,-77,-77,-77,-77,-77,-77,-77,-77,-77,-77,-77,-77,-77,-77,-77,-77,-77,-77,-77,-77,-77,-77,-77,-77,-77,-77,-77,-77,-77,1,-77,-77,-77,-77,-77,-77,-77,-77,-77,-77,-77,-77,-77,-77,-77,-77,-77,-77,-77,-77,-77,-77,-77,-77,-77,-77,-77,2,-77,-77,-77,-77,-77,-77,-77,-77,-77,-77,-77,-77,-77,-77,-77,-77,-77,-77,-77,-77,-77,-77,-77,-77,-77
353,0,0,31,4178929,-77,1501,1,-99,1,20,6,2,1,1,1,2,2,2,2,1,2,2,1,2,2,1,1,1,2,2,2,1,1,2,1,1,2,1,1,2,1,2,2,2,2,2,1,1,2,1,1,2,1,2,1,1,2,1,2,2,2,2,1,2,2,1,2,1,1,2,2,2,2,1,2,2,1,1,1,2,2,2,2,1,1,2,2,1,2,1,2,2,2,2,2,1,2,1,2,2,2,1,2,2,1,1,1,2,2,1,1,2,1,2,2,2,2,2,1,1,2,1,2,1,1,2,2,1,1,1,2,1,2,2,2,2,2,1,2,1,2,2,2,2,2,1,2,2,1,2,1,2,1,1,1,1,1,1,2,2,2,2,2,2,1,2,2,1,2,1,2,2,2,1,2,2,1,1,2,2,2,2,1,2,2,2,2,1,2,1,2,1,2,1,2,2,2,2,2,2,1,1,2,2,2,1,1,2,2,1,2,2,1,2,1,2,2,1,1,1,1,2,1,2,2,1,2,1,2,2,2,2,2,1,2,1,1,1,2,1,2,2,2,1,1,2,1,1,2,1,2,2,2,2,2,1,2,1,1,1,1,1,2,2,1,1,2,2,1,2,1,2,1,2,2,2,1,2,2,1,2,1,2,1,1,2,2,1,1,2,1,1,2,2,2,2,2,1,2,1,2,2,2,2,2,1,2,2,2,2,2,2,1,1,1,2,1,2,2,1,2,2,2,2,1,2,2,1,2,2,2
354,0,0,31,4178929,-77,3128,1,-99,1,39,6,2,2,1,1,2,2,1,1,1,1,2,1,2,2,1,2,2,2,2,1,1,1,2,1,2,2,2,2,2,1,1,2,2,2,1,1,1,2,1,1,2,1,2,1,1,2,1,2,1,1,2,1,2,2,1,2,1,1,1,1,2,2,1,2,2,1,1,1,1,2,1,2,1,1,1,2,1,2,1,1,2,2,2,2,2,2,1,1,2,1,1,2,2,1,1,1,2,2,1,1,2,1,2,2,1,2,2,2,1,2,1,2,1,1,2,2,1,1,1,1,1,2,2,2,2,2,1,1,1,1,1,1,1,1,1,1,1,1,2,1,1,2,2,2,1,1,1,1,2,2,1,2,1,1,2,1,2,1,2,2,2,2,1,2,2,2,2,1,2,1,2,1,1,1,1,2,1,2,1,1,1,1,2,1,1,2,2,2,1,1,2,2,2,2,1,1,1,2,1,1,2,1,2,1,1,2,1,2,2,1,2,1,2,2,1,1,1,1,2,1,2,2,1,2,2,1,1,2,1,2,1,2,1,1,1,2,1,2,2,2,2,2,2,2,1,2,1,2,2,2,1,2,2,1,1,1,2,1,2,2,2,1,2,2,1,1,2,2,1,2,1,2,1,1,2,2,1,1,1,2,1,2,2,2,2,2,1,2,2,2,2,2,1,1,2,1,1,1,2,2,1,2,2,2,1,1,1,2,2,2,1,2,1,2,2,1,2,2,2,2
355,0,0,31,4178929,-77,2104,2,-99,1,32,6,1,1,1,1,2,2,2,1,2,2,2,1,2,2,1,2,1,1,1,1,1,1,2,1,1,1,2,2,1,2,1,2,2,2,2,1,1,2,1,1,2,1,2,1,1,2,1,2,1,2,2,1,2,2,1,2,1,2,1,1,2,2,1,2,2,2,1,1,1,2,2,2,1,1,2,1,2,1,2,2,2,2,2,2,1,1,1,2,1,1,1,2,2,1,1,1,2,1,1,2,2,1,2,2,2,2,2,1,2,1,2,1,2,2,1,1,2,2,1,2,1,2,2,2,1,2,1,2,1,1,2,2,2,2,2,1,1,1,2,2,2,2,1,1,1,1,1,2,2,1,2,2,2,1,2,2,1,2,1,2,1,2,2,2,2,1,2,1,1,2,1,1,2,2,1,1,1,1,2,2,1,1,1,2,1,1,2,2,1,1,2,2,2,2,2,1,1,2,1,1,2,1,2,1,1,2,1,2,2,1,2,1,2,2,2,2,1,1,1,2,2,2,1,2,1,1,1,2,1,2,2,2,1,1,2,1,1,1,1,2,2,2,2,2,1,1,1,2,1,2,1,2,2,2,2,1,2,1,1,2,2,1,2,2,2,1,2,1,2,2,2,2,1,2,2,1,1,2,1,2,1,2,2,2,2,2,1,2,1,1,2,2,2,2,2,1,1,1,2,2,2,1,1,1,1,2,1,1,1,2,2,1,2,1,2,1,2,2,2,2
356,0,0,32,4178929,-77,-1,1,-99,1,20,6,1,1,1,1,2,2,2,1,1,1,2,1,2,2,1,2,1,2,1,2,1,1,2,1,1,1,1,1,2,2,1,2,2,2,2,1,1,2,1,1,2,1,2,1,1,2,1,2,2,1,2,1,2,2,1,2,1,2,2,1,2,2,1,2,2,1,1,2,1,2,2,2,1,1,1,1,1,2,2,2,2,2,2,2,1,2,1,2,1,1,1,2,2,1,2,1,2,1,1,2,2,1,2,2,2,2,1,1,1,2,1,2,1,1,2,2,1,1,2,1,1,2,2,2,2,2,1,2,1,2,2,2,2,2,1,2,1,2,1,2,1,2,2,2,1,1,2,1,2,1,2,2,2,1,1,1,2,1,2,1,2,2,2,2,2,2,1,1,2,2,2,2,1,1,2,1,2,1,2,2,1,1,2,1,2,2,2,1,1,1,1,2,2,2,1,2,2,2,2,1,2,1,2,1,2,2,1,2,2,2,2,1,2,2,2,2,1,1,2,2,2,2,1,2,1,1,1,2,2,2,2,2,1,1,2,2,2,2,2,1,2,2,2,2,1,2,2,1,2,2,2,2,2,1,1,1,2,1,2,2,2,1,2,2,1,2,2,2,2,1,2,1,2,2,1,1,2,2,2,2,1,2,2,2,2,2,1,2,1,1,1,2,1,2,2,1,1,1,2,2,2,1,1,1,2,1,1,2,2,2,2,2,2,2,2,1,2,2,1,1
357,0,0,31,4178929,-77,1280,1,-99,1,26,6,1,1,1,1,2,2,2,1,1,1,2,1,2,2,1,2,1,2,1,2,1,1,2,1,1,2,2,2,1,2,1,2,2,2,2,1,1,2,1,1,2,1,2,1,1,2,1,2,1,1,2,1,2,2,1,2,1,2,2,1,2,2,1,2,1,1,1,2,1,2,2,2,1,1,2,2,1,2,1,2,2,2,2,2,1,2,1,1,2,1,1,2,2,1,1,1,2,1,1,2,2,1,2,2,1,2,2,1,2,1,1,2,1,1,2,2,1,1,1,2,1,2,2,2,2,2,1,2,2,2,2,2,2,2,2,2,2,2,1,2,1,2,2,2,1,1,2,2,2,1,2,2,2,1,2,2,1,2,1,2,1,1,1,1,2,2,2,1,2,2,2,1,2,2,1,2,1,2,2,2,1,1,2,1,1,1,1,2,1,1,1,2,2,2,2,1,1,1,1,1,2,1,2,1,1,2,1,2,2,2,2,1,2,2,1,2,1,1,2,1,2,2,1,2,2,1,1,1,1,2,2,2,1,1,1,2,1,1,1,2,2,2,2,2,2,1,1,1,2,2,1,2,2,1,1,1,1,1,1,1,2,1,2,1,1,1,2,1,2,1,1,2,1,1,2,2,1,2,1,1,1,2,2,2,1,2,1,2,2,2,2,2,2,2,2,1,1,2,1,2,1,2,2,2,1,2,1,1,1,2,2,2,2,1,2,2,1,2,1,2
358,0,0,31,4178929,-77,2329,1,-99,1,18,6,2,1,1,2,2,2,1,2,2,2,2,2,2,1,1,2,2,2,1,1,2,1,2,1,2,2,1,2,2,1,2,1,1,1,1,2,2,2,2,2,2,2,1,2,1,1,1,2,2,1,2,2,1,2,2,2,2,2,2,2,2,2,1,2,2,1,1,1,2,2,2,2,2,1,2,2,1,2,1,2,2,2,2,2,1,2,1,2,2,1,1,2,2,1,1,2,2,2,1,1,2,1,2,2,1,1,1,2,2,2,2,2,2,2,2,2,2,2,2,2,1,2,2,2,1,1,2,2,2,2,1,1,1,1,1,1,1,1,2,2,2,1,2,2,2,2,1,2,2,2,2,2,2,1,2,2,1,2,1,2,1,1,1,1,2,1,2,2,2,2,2,1,2,2,2,2,1,1,2,1,2,1,1,2,2,2,2,2,1,2,2,2,2,2,2,1,2,2,2,2,1,2,2,1,2,2,1,2,2,2,2,1,2,2,1,2,1,2,2,2,2,2,1,2,1,1,2,2,2,2,2,2,2,2,2,2,1,2,1,2,2,2,2,2,2,1,1,2,2,1,1,2,2,1,1,1,2,2,2,2,2,1,2,2,2,2,2,2,2,2,1,2,1,1,2,2,1,2,2,1,1,2,2,2,2,2,1,2,1,2,1,1,2,2,2,1,1,2,2,1,1,2,2,2,2,2,2,1,1,2,2,2,2,2,2,2,1,2,2,2
359,0,0,32,4178929,-77,-1,1,-99,1,29,6,1,1,1,1,2,2,2,1,2,2,1,2,1,1,2,2,1,2,1,1,1,1,2,1,1,2,2,1,1,1,2,2,2,2,2,1,1,2,2,2,2,1,2,1,1,2,1,1,1,2,2,1,2,2,1,2,1,2,1,2,2,2,1,2,2,2,2,1,1,1,2,2,1,1,1,1,2,1,1,2,2,2,2,2,2,2,2,2,2,2,1,2,2,1,1,1,2,1,1,1,2,1,2,2,1,1,1,2,1,1,2,2,1,1,2,2,1,1,1,2,1,2,1,2,1,1,1,2,2,2,2,1,1,1,2,1,1,2,2,1,2,1,1,1,2,2,1,2,2,2,2,2,2,1,2,2,1,2,1,2,1,1,1,1,2,1,2,2,1,2,1,2,1,1,2,1,1,1,1,2,1,1,1,1,1,2,1,2,2,2,1,1,1,2,1,1,1,2,1,1,2,1,2,1,2,2,2,2,1,2,2,1,2,2,1,2,1,1,2,2,2,1,2,1,2,2,2,1,2,1,2,1,1,1,1,1,1,2,1,2,2,2,2,2,2,1,1,2,2,2,1,2,2,1,1,1,2,1,1,2,2,2,1,1,1,1,2,2,2,1,1,1,1,1,2,2,1,2,1,2,1,1,1,1,1,1,2,2,2,2,1,1,1,1,2,1,2,1,1,2,1,2,2,2,1,1,2,2,2,2,2,2,1,1,1,1,1,1,2,2
360,0,0,31,4178929,-77,1755,1,-99,1,23,6,2,1,1,1,2,2,2,1,2,2,2,1,2,2,1,2,1,2,1,1,1,1,2,1,2,2,2,2,1,2,1,2,2,2,2,1,2,2,1,1,2,1,2,1,1,1,1,1,1,2,2,1,2,2,1,2,1,2,2,1,2,2,1,2,2,1,1,2,2,2,2,2,1,1,1,2,1,1,1,1,2,2,2,2,2,1,1,2,2,1,1,2,2,1,1,1,2,2,1,2,2,1,2,2,2,2,1,1,1,1,2,2,2,1,2,2,1,2,2,1,1,2,2,2,2,2,1,2,1,2,2,2,2,2,2,1,2,1,2,1,2,1,2,2,1,2,2,1,1,2,2,2,2,1,1,2,1,1,2,2,2,2,2,2,2,2,2,2,2,2,2,1,2,2,1,2,1,2,2,1,1,1,2,1,2,2,2,2,1,2,1,2,2,2,2,1,1,2,1,2,2,1,2,1,1,2,1,1,2,1,2,1,2,2,1,2,1,2,2,1,2,2,1,2,2,1,1,1,2,2,2,2,1,1,2,2,1,1,2,2,2,2,2,2,2,2,1,2,2,2,1,2,2,1,1,2,2,1,1,1,2,1,1,2,2,2,2,1,2,2,2,2,2,2,2,2,1,2,1,1,1,2,2,2,2,2,1,2,1,2,2,2,2,2,2,1,1,1,1,2,2,1,1,1,1,1,2,2,2,1,2,2,2,1,2,2,2,2,2,2
361,0,0,31,4178929,-77,1988,1,-99,1,23,6,1,1,1,1,2,2,2,1,1,2,2,1,2,2,1,2,1,2,1,1,1,1,2,2,1,2,2,1,1,2,2,1,2,2,2,1,1,1,1,1,2,1,2,1,1,1,1,2,2,2,2,1,2,2,2,2,1,2,2,1,2,2,1,2,1,1,1,2,1,1,2,2,1,1,1,2,2,1,1,2,1,2,2,2,2,1,2,2,1,2,1,2,2,1,1,1,2,1,1,1,2,1,2,2,2,2,2,1,1,2,2,2,1,1,2,2,1,2,2,1,1,2,2,2,2,2,1,2,1,1,2,2,2,2,2,2,2,1,1,1,2,1,1,2,2,1,1,1,2,2,2,2,2,1,1,2,2,1,1,2,2,2,1,1,2,2,2,1,2,2,2,1,2,2,1,2,1,2,2,2,1,1,1,2,2,2,2,2,1,2,2,1,2,2,2,1,1,2,1,2,2,1,2,1,2,2,1,2,2,1,2,1,2,2,1,2,1,1,2,2,2,2,1,2,2,1,1,1,1,2,2,2,1,1,2,2,1,2,1,2,2,2,2,2,2,2,1,2,1,1,1,2,2,1,1,1,2,2,2,2,2,1,2,2,1,2,1,2,2,1,1,1,1,1,2,2,1,1,2,2,1,2,2,2,2,2,1,2,2,2,2,2,2,2,2,2,1,2,2,1,2,1,1,1,2,2,2,2,1,2,2,2,2,1,1,1,1,1,2,2
362,0,0,31,4178929,-77,1843,1,-99,1,21,6,2,2,1,1,2,2,2,1,2,1,2,1,2,2,2,2,1,1,2,2,1,1,2,2,2,2,2,2,1,1,1,2,1,2,1,1,1,2,1,1,2,1,2,1,2,2,2,2,2,1,2,1,2,2,1,1,2,2,2,2,2,2,1,2,2,1,1,1,1,2,2,2,1,1,2,1,2,1,2,1,2,2,2,2,2,2,2,1,2,2,1,2,2,1,1,1,2,1,1,1,2,1,2,2,2,2,2,1,2,1,2,2,2,1,2,1,1,1,1,1,1,2,2,2,2,2,1,2,1,2,2,2,2,2,2,1,1,2,2,1,2,1,2,2,2,2,1,2,2,1,2,2,2,1,1,1,2,1,2,2,2,2,2,2,1,2,2,2,2,2,2,1,2,1,1,1,1,1,2,2,1,1,2,1,2,1,2,2,2,2,1,2,2,2,2,1,1,2,1,2,2,1,2,1,1,2,1,2,2,2,2,1,2,2,1,2,1,2,2,1,2,2,1,2,2,1,1,2,2,2,2,2,1,1,2,2,2,1,2,2,1,2,1,2,2,1,2,2,2,1,1,2,1,1,1,1,1,1,2,1,2,1,2,1,1,1,2,2,2,1,1,2,1,1,2,2,2,1,1,2,1,2,2,2,2,2,1,1,2,2,1,1,1,1,2,1,1,2,2,2,1,1,2,2,2,1,2,1,1,1,2,2,1,1,2,1,2,1,1,1
363,0,0,31,4178929,-77,4827,1,-99,2,27,6,1,1,1,1,2,2,2,1,2,2,2,1,2,2,1,2,1,2,1,2,1,1,2,1,2,2,2,2,2,2,2,2,2,2,2,2,1,2,1,2,2,1,2,1,2,2,1,1,2,2,2,1,2,2,1,2,1,2,2,1,2,2,1,2,2,1,2,2,2,2,2,2,1,1,2,2,1,2,2,2,2,2,2,2,1,2,1,2,2,2,1,2,2,1,1,2,2,1,1,2,2,1,2,2,2,2,2,2,2,1,2,2,1,1,2,2,1,2,1,1,1,2,2,2,2,2,1,2,2,2,2,2,2,2,2,2,2,2,1,2,1,2,2,2,2,2,2,2,2,2,2,2,2,1,2,2,1,2,1,2,1,1,1,1,2,2,2,2,1,2,2,1,2,2,1,2,1,2,1,2,2,1,2,1,2,2,2,2,1,2,2,2,2,2,2,2,1,2,1,1,2,1,2,1,2,2,1,2,2,2,2,1,2,2,1,2,1,2,2,2,2,2,1,2,2,1,1,2,1,2,2,2,1,1,2,2,1,2,2,2,2,2,2,2,2,2,2,2,2,2,1,2,2,1,2,1,2,2,2,2,2,1,2,1,2,2,1,2,2,1,2,2,1,1,2,2,1,2,1,2,1,2,2,2,2,2,2,2,2,2,2,2,2,2,2,2,2,2,2,2,1,2,2,2,2,2,2,2,1,2,2,2,2,1,2,2,2,2,2,2
365,0,0,31,4178929,-77,2757,1,-99,1,24,6,2,2,2,2,2,2,2,2,2,1,2,1,2,2,1,2,1,2,1,1,2,1,2,2,1,2,1,2,1,1,1,2,2,2,1,1,1,2,1,1,2,1,2,1,1,2,1,2,2,1,2,1,2,2,2,2,1,1,1,1,2,2,1,2,2,1,1,2,1,1,2,2,1,1,1,2,2,1,1,2,2,2,2,2,1,2,1,2,1,1,1,2,2,1,1,1,2,2,2,1,2,1,2,2,2,2,1,2,1,2,1,2,1,1,2,2,1,1,1,1,1,2,2,2,2,2,1,2,1,2,1,1,1,1,1,1,1,1,2,2,1,1,1,1,1,1,1,1,2,1,2,2,2,1,2,1,2,2,2,1,2,2,2,1,1,2,2,2,2,2,1,1,1,1,1,2,1,1,2,1,2,1,2,1,1,2,2,2,1,1,1,2,2,2,2,1,1,2,1,1,2,1,2,1,1,2,1,2,2,2,2,1,2,2,1,2,1,1,1,1,2,2,1,2,2,1,1,1,1,2,2,2,1,1,1,1,2,1,2,2,2,2,2,2,1,2,1,2,1,1,1,2,2,1,1,1,2,1,2,2,2,1,2,2,1,1,1,2,1,2,1,2,1,1,2,2,1,1,1,2,1,2,2,2,2,2,1,1,1,1,1,1,1,1,2,1,1,1,2,2,1,1,1,1,2,2,1,2,2,2,2,2,1,1,1,1,2,1,2,2
366,0,0,31,4178929,-77,1552,1,-99,1,25,6,2,1,1,1,2,2,2,1,2,1,2,1,2,2,1,1,1,1,1,1,1,1,2,1,1,1,2,1,1,2,1,2,2,2,2,1,1,2,1,2,2,1,2,1,1,2,1,1,2,2,2,1,2,2,1,1,1,1,2,1,2,2,1,2,2,1,1,2,1,2,2,2,1,1,2,2,1,2,1,2,2,2,2,2,2,2,2,1,2,1,1,2,2,1,1,1,2,2,1,2,2,2,2,1,1,2,2,1,2,1,1,2,1,1,2,1,1,2,1,1,1,2,2,2,1,2,1,2,1,2,2,2,2,2,1,2,2,1,2,2,2,1,1,1,2,2,2,1,1,1,2,1,1,1,2,1,2,1,1,1,1,1,1,2,2,2,2,1,1,2,1,1,2,1,2,2,2,1,1,2,1,2,2,1,1,2,2,2,1,2,1,2,2,2,2,2,1,2,1,1,1,1,2,1,1,2,1,2,2,2,2,1,2,2,1,1,1,1,1,1,2,2,1,2,2,1,1,2,2,2,2,2,1,1,2,2,2,2,1,2,2,2,2,2,1,2,2,1,2,1,2,2,1,1,2,1,2,2,1,2,2,1,1,1,2,2,2,2,2,1,1,2,1,1,1,2,2,2,1,2,1,2,2,2,1,2,2,2,1,2,2,2,2,2,1,1,1,1,2,2,1,2,2,2,2,2,1,2,1,2,2,1,2,1,2,2,2,2,2,2
